Age,YearsExperience,EducationLevel,ProjectsCompleted,WeeklyWorkingHours,PerformanceScore,Salary
59,29,3,35,44,6.0,320600
49,22,2,29,50,7.9,252174
35,11,3,17,40,7.3,137113
28,5,2,5,47,5.3,83356
41,11,3,21,57,4.3,144879
59,36,3,43,45,9.6,438080
39,10,2,14,47,5.3,116370
43,18,3,20,46,7.7,199690
31,8,2,4,36,9.1,85785
31,6,4,10,46,7.2,79181
44,22,2,28,45,6.2,225325
56,32,3,47,42,5.0,365698
60,30,3,50,39,5.0,337230
44,22,2,27,46,7.5,241466
23,1,2,5,38,9.0,53653
42,14,2,11,54,6.4,152022
22,1,3,10,44,6.2,58077
44,17,2,14,37,8.0,187348
50,25,3,16,40,6.0,259397
58,30,3,27,42,7.4,345150
22,1,2,8,55,7.1,63729
41,14,3,13,39,6.4,160786
53,28,2,30,42,7.0,322136
32,8,1,10,40,9.5,104690
42,15,3,13,45,7.8,163795
45,15,1,20,40,8.5,159118
47,25,2,26,37,5.7,253408
48,27,3,27,42,8.5,293215
36,15,2,20,42,7.9,173175
35,14,4,23,40,4.9,145636
23,0,4,3,40,7.8,66027
57,27,2,32,49,6.3,292629
27,0,1,4,41,4.8,68245
41,19,3,30,37,7.2,200863
29,0,2,3,41,7.8,45752
59,31,1,35,43,7.2,332728
38,14,3,11,36,6.8,135513
24,1,1,6,51,6.5,62716
45,15,3,20,47,10.0,161733
34,6,1,2,50,5.3,64037
29,7,1,17,45,8.2,103226
46,23,1,24,33,7.0,239360
22,0,4,4,51,5.8,31297
40,10,3,10,39,6.9,120030
48,27,3,19,39,5.0,283757
27,1,2,4,44,6.2,35367
28,6,2,2,50,6.9,69963
55,34,2,24,48,4.8,346359
34,12,2,18,48,7.7,158559
37,11,3,9,41,5.7,130245
56,32,3,42,41,5.0,349390
60,34,2,23,45,5.5,379747
24,0,4,4,42,10.0,47112
22,0,1,3,47,4.2,45528
26,0,4,1,47,7.6,41997
24,0,1,6,46,5.9,36490
49,28,2,29,30,6.5,291200
38,10,2,11,44,7.8,106762
46,17,2,23,42,7.8,199441
54,28,3,34,44,6.0,322682
30,0,2,2,39,5.1,35469
56,31,2,46,36,7.9,364625
34,8,3,6,45,7.8,80375
51,25,3,25,41,6.6,254408
35,6,3,16,46,7.6,100055
28,4,2,14,40,6.4,79486
34,12,3,18,50,5.8,141913
43,14,3,16,48,7.0,133188
60,38,2,50,44,7.7,440562
41,11,2,14,42,7.4,127879
36,7,2,6,47,7.7,119168
38,16,1,11,45,5.9,169615
44,16,2,14,44,9.2,189308
46,17,1,22,48,6.5,180367
45,15,3,10,50,6.8,163990
49,20,3,12,37,5.2,186498
35,5,4,6,38,6.7,87472
21,0,3,0,39,7.7,40272
45,23,1,28,35,8.1,245883
27,3,4,4,43,9.2,70508
29,2,3,6,46,7.7,64259
44,22,2,20,43,7.4,227747
21,0,3,4,40,6.4,44495
28,5,4,7,49,6.1,92901
44,20,3,32,44,8.4,212205
31,3,4,11,45,8.3,56925
37,11,1,6,49,5.5,115760
28,6,2,4,42,8.0,97167
55,26,2,29,53,7.9,306693
55,33,3,33,41,5.4,356657
53,28,3,13,53,7.8,298216
25,1,4,2,38,5.5,26939
59,32,2,25,46,3.6,334843
48,20,1,20,40,6.8,213074
27,2,3,8,49,7.4,63205
29,0,3,0,41,6.8,35414
28,3,2,6,44,10.0,75401
32,10,2,15,40,7.5,105759
54,26,3,36,48,7.2,314076
53,31,3,20,40,7.6,339347
43,13,2,9,51,6.4,131888
44,18,2,24,38,8.3,199152
57,29,4,19,36,7.5,329771
55,29,3,28,48,7.4,343632
60,36,2,38,40,6.1,406510
42,18,2,24,43,4.8,198893
47,21,3,24,41,6.3,225325
55,31,2,38,36,7.4,336943
21,0,1,3,43,6.4,28728
55,26,3,21,49,7.4,270046
57,36,2,40,48,6.7,407330
34,10,3,7,44,7.6,128138
23,0,1,0,49,5.6,44981
21,0,3,0,38,7.3,24755
25,0,2,5,41,6.1,22000
46,23,1,12,45,4.8,207372
34,7,1,10,42,6.8,75919
59,34,4,41,42,9.2,406211
47,23,3,31,37,5.0,260124
29,4,2,7,33,7.2,56637
35,7,3,8,47,8.1,116376
35,12,3,16,44,10.0,124198
46,19,4,23,48,6.3,207916
33,7,2,9,41,6.1,95027
52,31,3,36,39,5.4,357026
59,32,1,47,43,8.6,359161
52,25,2,39,47,5.8,287371
24,3,4,4,42,6.5,72636
50,21,3,29,47,4.4,218425
57,31,2,15,38,8.2,331509
43,21,1,29,42,8.6,231093
59,34,3,32,43,8.2,384554
35,11,3,10,49,4.8,140992
49,22,2,14,44,7.9,215426
56,28,4,23,52,4.7,312269
33,12,1,13,36,7.1,106843
52,27,2,39,44,7.3,301640
27,4,4,4,44,7.4,59695
42,21,2,32,46,7.7,227400
48,25,2,40,39,7.0,256161
22,0,3,4,51,4.3,51648
26,0,3,4,43,7.7,50825
48,20,1,10,38,7.1,203899
48,24,4,28,43,5.7,261576
40,17,3,15,41,4.8,186716
50,25,2,19,57,9.2,272321
31,2,3,3,48,8.7,63218
48,22,2,15,43,8.0,251419
45,16,2,30,42,6.1,169414
59,33,3,25,48,3.5,378030
53,31,4,39,48,8.1,374196
21,0,1,3,30,7.5,27437
47,18,2,18,46,6.5,170722
33,5,2,3,43,8.6,62153
23,0,2,2,36,8.2,53968
59,38,2,21,47,7.2,449723
26,2,1,0,54,7.0,54037
28,1,3,6,46,7.1,55437
47,20,2,22,49,8.0,223917
29,3,2,6,52,5.8,63240
57,29,3,33,39,7.6,337926
53,27,3,25,34,5.7,290059
44,14,2,19,46,8.9,158986
35,12,2,15,42,7.7,124009
52,28,3,23,36,6.0,287207
52,29,2,39,43,7.1,285251
44,23,2,31,47,5.8,261519
32,2,3,0,42,9.1,55551
59,34,1,32,39,9.3,371185
22,1,1,5,42,8.0,24930
23,2,1,1,43,9.2,46109
57,35,1,23,33,7.2,364090
37,13,1,11,42,8.1,124083
22,0,4,0,36,8.7,48344
22,0,2,0,46,7.0,42167
48,25,1,39,35,7.1,249564
43,22,2,19,48,8.3,217126
57,34,4,49,41,7.9,397304
52,29,3,42,40,5.9,350356
53,28,2,41,44,3.9,323273
21,0,3,1,39,6.8,29522
39,15,2,12,44,4.1,123331
22,0,2,0,39,5.6,35237
46,19,2,26,40,5.8,198723
52,28,2,35,45,6.2,310313
26,3,2,2,37,8.1,66106
52,26,3,41,37,8.5,302380
24,1,2,0,44,7.7,33333
31,5,3,5,43,7.9,81128
37,8,1,6,44,7.9,102616
58,32,2,17,45,3.5,325212
44,20,2,28,43,7.0,217799
25,0,4,1,46,4.5,33067
54,28,2,37,43,7.7,334914
26,3,3,3,33,4.1,32878
42,14,2,25,34,6.7,164831
31,7,1,5,53,7.8,68940
36,8,1,10,43,5.4,110537
53,23,2,21,48,8.3,231261
29,0,1,3,41,7.7,42576
26,3,1,6,43,7.5,39820
36,6,3,12,41,8.0,73260
49,22,1,18,55,6.5,235463
23,0,3,0,44,7.2,54738
40,16,2,10,40,7.0,162352
56,28,3,26,35,7.0,311993
39,16,3,19,53,6.1,188999
46,19,2,26,42,5.3,189700
23,0,2,5,47,6.5,27412
39,12,3,16,47,6.5,136946
40,10,3,10,41,6.0,104874
52,22,2,32,46,8.2,247163
27,1,1,3,40,5.4,45726
53,31,4,43,38,6.8,355410
60,37,2,37,49,8.6,441299
59,33,3,30,42,8.3,384400
38,14,2,14,46,8.7,161290
60,34,1,44,45,6.2,376546
21,0,3,2,46,8.1,56709
31,1,3,5,35,5.5,49600
48,27,2,15,40,6.6,283932
45,22,2,16,41,6.7,242783
43,15,3,23,39,6.2,167983
51,23,3,17,45,6.5,234616
50,26,1,34,49,6.3,264425
55,29,3,42,50,5.6,346415
27,0,3,0,41,8.2,47688
36,9,3,14,44,6.7,130870
46,19,3,30,45,7.3,189075
22,0,1,2,46,7.2,51628
21,0,3,7,39,7.1,42466
32,2,3,0,52,7.1,53068
25,0,1,7,48,6.6,35272
57,34,2,43,48,9.0,408205
52,27,2,30,49,8.1,304612
29,4,3,6,46,7.0,57571
55,30,2,30,38,6.4,325479
39,11,3,8,42,6.8,128933
36,7,4,5,35,7.6,92006
23,0,3,2,45,9.1,62644
40,14,4,17,42,5.1,150120
44,18,4,20,43,7.9,174038
53,24,1,24,49,8.6,255281
44,20,3,15,41,4.9,204868
31,5,2,3,42,6.7,73034
28,4,3,7,43,5.5,80164
56,35,2,20,34,7.6,357370
58,31,4,25,42,6.5,346678
60,30,3,15,31,6.8,304778
40,14,3,13,40,6.4,133234
55,26,1,35,47,8.0,280982
45,18,2,15,45,7.3,193882
55,28,3,35,40,7.3,317611
45,23,1,35,43,7.2,237020
49,20,3,21,38,7.8,211804
38,8,1,8,43,6.6,101479
38,9,3,8,58,9.4,127678
22,0,2,2,52,5.3,34517
55,32,3,47,43,4.6,361700
36,15,3,24,44,4.5,142552
56,32,2,26,38,4.1,334397
53,30,1,20,39,7.9,290821
24,3,1,2,45,7.8,82525
53,30,3,42,40,8.7,337789
34,10,3,16,48,5.5,132458
41,13,3,15,51,8.0,172167
40,11,3,17,45,7.1,132954
28,5,2,8,44,7.2,74600
27,1,2,5,35,7.9,31112
23,0,1,4,47,5.9,33595
37,12,2,19,37,10.0,158298
53,27,4,16,41,8.9,301685
32,8,3,11,48,6.3,102240
42,12,2,9,48,5.5,140545
42,16,3,19,41,6.9,180815
50,23,3,32,41,7.3,252876
58,29,2,40,40,8.5,328605
58,28,1,26,37,5.4,276403
28,1,1,0,40,7.4,34868
47,21,3,16,35,4.9,208334
47,26,4,28,46,7.6,301730
54,32,3,23,45,6.8,340242
41,20,1,26,46,9.7,215865
50,21,2,11,38,4.8,197152
53,23,3,25,37,8.9,239889
48,18,3,18,43,4.6,181086
53,24,3,39,43,5.1,239223
25,0,3,2,42,4.7,27759
39,17,1,17,42,7.4,158096
24,0,3,6,52,5.4,43641
55,31,3,37,45,5.1,322603
37,16,2,17,53,7.3,174971
48,27,3,30,49,7.6,313973
50,25,2,37,52,7.1,277992
49,27,1,36,38,6.8,292526
26,2,2,2,46,9.6,53547
55,34,1,36,41,7.2,356485
57,33,2,49,35,8.1,380580
44,18,2,30,50,7.2,208625
49,19,3,24,42,5.5,186437
51,27,2,23,38,7.8,279467
55,34,2,30,41,6.1,372645
53,26,1,21,39,6.9,297417
41,19,3,21,40,7.4,206210
52,23,2,21,42,4.3,209093
43,20,2,10,52,4.7,171816
53,25,3,20,40,8.3,277416
23,0,3,6,51,6.1,78070
38,15,3,23,47,6.1,164428
45,21,2,25,45,7.2,219140
51,29,1,40,47,6.5,322259
23,0,3,0,43,7.6,33320
60,31,2,37,49,6.9,318150
44,22,2,23,46,7.3,245047
52,29,1,37,35,6.0,299932
42,18,3,10,44,7.3,198751
43,18,1,17,47,8.5,176588
22,1,4,3,42,6.2,50751
47,20,3,23,44,8.3,229758
22,0,2,5,40,6.9,54544
46,19,3,13,36,8.0,199026
37,8,3,4,35,7.2,93899
60,36,3,33,35,7.0,420646
53,27,2,43,46,7.5,310870
29,7,3,6,31,8.7,72516
59,35,2,45,40,7.3,389035
49,27,4,43,39,7.7,291111
46,16,2,10,42,6.5,168428
55,30,2,33,34,9.2,326301
45,18,3,17,45,7.9,203942
44,23,3,29,37,7.1,254445
33,3,3,3,49,6.8,51521
27,0,1,0,40,8.4,37557
56,29,2,38,43,6.2,314602
40,10,4,11,43,4.5,106589
21,0,3,0,44,7.1,53133
28,2,3,3,43,8.7,89489
36,8,1,4,41,9.2,105814
34,6,2,8,45,6.8,81457
32,6,3,4,45,7.1,97524
43,20,3,29,39,7.7,241155
35,10,1,10,45,6.6,90592
48,26,3,37,49,7.7,312258
54,29,3,36,47,6.9,338766
22,0,2,4,48,8.4,62857
52,22,2,25,44,8.0,244809
43,22,2,14,38,8.1,220217
42,12,3,10,39,6.7,152904
45,20,1,30,45,9.7,221925
42,16,1,14,48,7.7,158338
42,15,3,10,57,7.3,170822
26,0,1,3,48,5.9,50969
35,9,2,13,37,6.9,104297
57,32,2,28,39,7.2,354218
53,26,3,20,54,5.9,282170
28,7,3,10,42,6.6,83739
25,0,2,0,43,6.8,28838
59,37,3,50,38,7.1,426676
24,0,3,6,51,4.5,62466
26,0,1,2,46,6.8,37019
52,27,1,33,39,6.5,242609
50,24,2,15,38,7.0,247168
55,33,2,20,45,8.4,366170
60,37,3,46,43,9.9,427211
36,9,3,6,47,7.9,98541
33,11,2,15,46,5.3,109965
50,24,1,40,42,6.5,248983
39,14,2,28,40,7.8,173813
37,7,3,11,42,7.7,93473
39,18,2,26,40,8.4,189933
48,18,3,6,42,6.9,194219
46,22,1,23,43,6.5,228884
57,35,3,43,39,9.5,395208
46,22,3,20,46,7.1,228311
43,22,2,22,41,5.6,228864
29,7,2,12,39,9.1,83443
32,4,4,13,41,4.9,96755
21,0,2,2,44,2.1,30505
21,0,3,5,43,8.1,39359
54,28,1,21,45,8.3,279145
52,22,3,11,47,7.6,240940
45,16,1,20,50,5.2,155626
60,33,4,24,44,6.9,381649
21,0,3,7,38,6.6,30032
36,11,3,12,42,6.2,123202
59,32,3,25,38,9.0,351279
25,0,3,7,51,5.5,43815
42,19,2,27,53,7.4,199955
49,22,3,13,46,8.7,246068
23,2,4,1,47,7.5,53328
32,3,2,1,44,8.7,59639
46,16,4,27,45,7.8,187448
36,10,3,9,35,7.6,131297
57,32,3,36,43,7.5,377694
42,15,2,11,39,7.9,162688
49,24,2,27,44,6.5,235425
34,4,1,4,43,5.2,49863
48,23,2,30,53,8.3,269373
25,0,3,1,48,8.6,34699
50,23,2,31,44,7.4,250218
25,0,2,4,42,6.2,27317
32,5,4,5,51,4.8,65371
36,13,2,11,43,7.1,156329
46,23,2,16,45,5.1,239841
46,16,1,23,43,4.9,173498
41,18,1,18,41,7.0,189225
59,33,3,27,43,5.9,366829
56,30,3,46,33,7.5,336651
53,30,3,37,35,6.8,331725
50,27,1,34,45,6.2,284538
57,29,3,44,51,4.6,353895
43,15,2,18,45,5.8,140864
30,3,2,9,39,5.9,52016
25,0,1,0,36,5.3,22000
56,32,1,50,47,6.5,375169
54,30,2,41,40,5.4,353595
51,28,1,29,46,6.8,299875
30,5,4,5,45,7.3,84892
39,16,2,7,45,5.8,157526
52,24,1,18,43,7.6,247690
21,0,2,0,45,5.1,44728
25,2,3,11,42,5.4,62518
24,0,1,3,40,6.8,43536
36,11,3,10,38,8.0,132465
44,15,4,17,31,8.2,143511
36,9,2,16,42,9.3,114234
22,0,2,4,51,6.5,49013
48,22,1,34,47,6.8,240034
52,30,3,42,44,5.6,340249
47,18,2,16,39,5.2,179989
40,14,2,17,48,7.3,144021
44,16,2,24,42,5.9,148332
32,11,3,18,51,8.7,150008
55,30,2,46,38,5.0,319988
53,32,1,24,39,7.7,337465
53,23,3,31,39,5.6,239560
57,29,3,29,36,5.9,334624
32,4,3,4,38,7.8,66624
23,2,1,6,44,6.1,47065
21,0,3,0,39,6.3,46624
53,31,3,41,30,5.9,373738
60,31,1,42,48,9.5,356018
30,9,3,13,35,6.1,99451
49,19,2,12,46,7.1,200869
33,4,4,9,43,6.7,55628
32,8,1,10,54,7.3,99827
51,22,3,11,48,6.1,250487
22,0,2,4,40,6.7,42243
55,29,4,48,39,7.6,346193
43,18,2,20,51,5.8,189208
37,8,4,12,36,8.5,101144
46,24,4,20,44,8.7,270724
28,6,2,6,42,7.8,90383
49,20,3,25,41,7.1,212718
46,23,4,32,45,2.8,221851
30,2,2,3,44,7.6,60137
46,17,2,20,45,6.5,203948
54,26,3,37,44,6.7,288045
27,3,2,1,45,4.3,33206
24,3,1,8,43,7.7,69699
31,7,2,8,40,5.0,102426
49,20,2,18,43,7.2,212552
56,34,2,28,39,8.3,399106
45,22,1,18,39,6.3,225714
41,11,3,16,41,8.7,139992
56,28,3,12,42,6.0,285984
30,4,1,3,43,7.8,66815
57,29,3,37,48,5.2,326276
29,2,3,4,41,8.4,57695
44,19,4,30,44,8.2,217754
55,26,1,29,44,7.7,277207
55,31,2,23,40,6.4,315474
56,30,4,37,43,5.0,353391
38,16,4,16,48,6.5,166957
59,37,3,50,44,8.6,447257
52,30,3,47,44,7.2,354517
44,14,1,13,39,4.8,122663
43,16,3,19,53,5.4,151112
52,30,2,29,40,8.8,325053
57,35,2,39,35,7.7,380527
32,3,3,4,47,5.3,68198
33,6,1,0,42,4.5,50608
43,20,2,17,41,6.1,219422
45,22,4,22,40,4.4,233750
55,28,2,35,52,6.8,312220
50,25,4,25,45,10.0,262582
37,7,4,15,46,4.8,98608
40,14,3,13,44,6.7,149518
45,17,1,18,44,8.8,161051
42,13,2,12,50,8.0,143807
33,12,2,10,42,6.8,121125
39,16,2,27,36,6.8,168829
56,29,2,22,47,5.4,306771
32,6,4,6,45,6.6,80483
39,12,1,11,44,7.3,127597
32,4,3,9,45,8.5,76041
29,3,1,0,41,6.1,55443
27,4,3,6,43,6.7,62686
48,26,4,24,42,5.7,272111
34,7,2,13,40,7.3,82994
51,30,2,32,49,8.1,352262
39,16,3,20,36,7.9,184782
36,12,3,18,55,5.4,154621
25,4,3,5,47,7.2,86823
55,30,2,15,34,6.1,302404
32,2,2,2,42,8.4,58250
45,22,4,25,42,6.8,244280
41,19,4,33,45,4.9,223514
56,33,2,28,38,6.7,357240
43,15,3,15,43,7.6,163866
36,10,2,13,42,7.3,114967
59,32,2,26,39,6.3,351937
59,33,1,25,39,6.2,357139
34,8,2,6,48,5.6,93384
51,28,3,32,35,6.4,308188
25,0,1,0,45,5.8,37711
55,28,2,43,47,8.4,339569
43,16,3,14,42,5.7,144950
49,23,3,26,43,7.2,238664
31,6,3,1,49,7.1,89944
38,8,4,16,39,8.3,113527
32,4,1,7,40,8.5,70193
29,4,3,7,41,8.0,80140
30,1,3,0,49,7.5,53678
37,8,3,7,49,5.5,90289
58,37,2,30,36,5.5,420196
27,1,1,1,48,5.8,42701
33,6,4,11,47,8.1,89769
60,37,2,45,51,7.1,445184
29,2,3,2,45,8.2,66072
47,20,3,27,43,8.4,225227
22,0,3,3,49,6.0,65055
25,0,3,3,46,7.0,61372
49,28,3,47,54,7.0,342472
57,32,2,18,48,6.5,374546
58,29,3,34,44,6.3,323072
39,12,3,14,37,8.7,130332
28,1,2,6,40,7.1,58654
21,0,2,5,36,7.0,36918
42,14,1,8,42,5.9,133933
37,14,4,17,48,7.9,151769
27,0,1,1,43,5.6,41630
45,22,3,34,48,7.6,232208
24,0,2,0,45,7.7,40793
56,29,2,39,41,6.4,320226
26,4,3,4,43,7.4,63848
51,27,1,24,45,7.3,260003
39,13,3,17,44,6.9,124624
59,30,3,20,44,7.0,318146
47,22,3,26,39,7.1,243779
30,1,1,4,41,7.2,48467
46,21,4,23,54,7.1,237543
39,9,3,13,49,5.5,98865
59,31,4,33,36,6.8,358184
23,2,2,3,31,7.4,25962
33,6,3,8,43,7.1,56051
48,24,4,20,47,8.3,264533
40,15,4,16,40,7.9,161197
48,22,2,34,48,5.8,251358
28,3,2,1,43,6.8,58006
59,38,2,29,42,6.6,451519
21,0,2,3,47,7.0,37171
23,1,2,6,40,7.0,53921
33,4,2,6,42,7.9,65583
48,18,3,15,46,7.2,207731
45,23,1,30,43,8.7,242321
53,24,3,21,53,7.3,272533
58,32,1,36,46,5.8,335409
26,0,2,0,46,6.3,33967
52,26,1,33,43,7.8,276641
41,15,2,13,47,4.7,166061
36,14,3,9,41,5.1,115214
41,13,4,11,44,7.0,141498
31,8,2,10,38,8.3,93012
57,30,2,24,48,8.8,304476
56,31,2,17,44,6.7,323112
55,32,3,46,53,8.5,364522
39,18,3,16,55,7.1,168282
40,12,3,6,47,4.9,121462
38,15,3,10,43,7.0,153446
34,12,3,16,38,6.1,128671
35,14,1,18,48,8.3,154324
51,27,2,35,44,7.0,285697
21,0,4,0,46,5.2,62090
23,0,3,3,52,4.9,42800
36,15,3,17,39,7.0,176387
43,19,3,18,38,3.6,170321
31,2,2,7,42,6.3,43686
32,11,3,11,47,7.3,134996
30,8,3,15,46,5.5,99581
52,23,2,22,39,8.4,228682
36,14,3,13,47,8.7,134916
28,5,3,8,37,5.6,80198
58,31,1,37,39,6.6,342969
32,9,2,10,42,8.4,109780
44,15,2,9,40,7.0,143799
48,22,3,23,47,5.0,220153
28,5,2,6,44,6.8,72464
48,19,3,17,52,5.8,186346
56,35,3,36,42,8.6,400381
46,16,2,15,42,7.8,181865
28,5,4,9,49,6.6,61640
48,27,4,25,43,7.2,310000
48,26,1,17,50,5.2,278980
57,29,2,32,46,5.9,325505
56,29,4,41,31,9.2,343729
47,25,4,17,49,7.1,268737
37,15,1,17,48,8.3,151149
29,0,1,6,48,7.3,22000
53,27,1,18,33,8.8,274184
40,15,4,17,40,4.2,154523
33,3,1,2,40,6.7,44094
48,22,3,34,39,9.3,249369
49,20,3,25,52,8.3,225948
33,6,1,12,43,8.9,78523
55,25,3,25,43,7.0,290507
26,0,2,0,46,6.2,47467
38,9,3,2,46,5.6,109635
25,1,2,6,30,5.5,38090
45,23,3,35,40,8.1,264835
22,0,3,3,36,7.7,31452
30,6,2,6,45,6.9,88325
50,21,1,15,42,7.7,206047
25,1,2,3,43,7.2,35266
53,25,2,28,33,8.3,264977
21,0,3,2,41,8.3,41845
38,9,3,12,49,5.5,136507
52,22,2,22,50,7.4,239225
31,7,3,9,47,4.7,107517
41,20,3,25,36,7.2,228025
46,23,3,28,49,7.8,256953
45,16,2,17,47,5.2,159105
42,18,2,26,42,6.4,170177
47,22,2,30,33,7.0,220849
33,6,3,11,48,7.3,98313
53,28,2,35,40,6.6,301384
54,30,2,40,45,5.4,337510
55,33,1,42,43,6.9,343107
21,0,3,2,51,4.7,46792
41,17,2,25,42,6.7,194758
26,0,2,4,43,6.4,22000
48,18,2,14,51,6.8,190819
37,8,2,9,40,6.2,108432
25,0,3,2,47,4.9,60011
51,28,2,32,42,6.5,297168
25,0,2,1,38,8.3,50159
58,33,3,31,43,8.8,396307
23,0,2,5,46,10.0,57267
43,18,1,17,50,9.4,204891
57,27,4,18,50,5.3,294240
57,33,2,46,42,6.4,381992
30,2,2,7,38,7.0,45991
30,5,1,7,41,6.9,67625
39,9,2,9,37,7.1,105465
37,9,3,15,42,10.0,110571
41,12,3,17,41,5.5,129777
34,10,3,9,47,6.0,123080
29,2,1,0,32,9.3,72321
21,0,2,4,39,6.1,22000
33,7,3,7,39,7.6,113829
24,0,4,0,49,8.4,46982
21,0,1,4,37,7.7,50729
60,33,2,24,44,7.3,375743
52,24,2,19,42,8.3,269834
54,27,1,41,48,5.7,284304
48,23,2,24,46,6.3,238807
51,24,1,21,44,7.7,245097
28,0,3,3,40,4.1,30911
59,36,3,35,34,9.0,435235
46,21,1,18,44,7.4,210378
54,27,1,37,46,7.2,272967
23,0,3,5,35,4.7,28304
32,10,1,17,37,5.2,86809
21,0,3,4,44,6.4,41060
25,0,2,6,45,8.1,56121
50,29,3,19,38,4.1,295726
50,28,2,31,40,8.1,300524
37,8,1,8,34,6.5,82273
43,13,2,22,50,6.7,149699
35,8,2,12,37,7.4,102553
57,27,2,32,46,7.4,305387
41,14,3,6,43,6.0,169346
34,8,2,15,49,7.9,107642
22,0,1,8,39,3.8,42630
31,1,3,3,43,6.4,28859
59,36,3,20,35,7.2,398110
58,36,4,50,33,6.5,430845
54,28,3,17,46,4.4,282242
58,34,2,27,34,8.1,368128
54,29,3,23,42,5.3,310690
38,15,4,24,48,6.9,169994
50,24,3,30,47,7.2,297902
35,12,2,18,40,7.0,138347
47,19,2,23,35,8.6,224122
54,25,2,21,46,6.9,280212
58,34,3,23,50,7.6,378559
53,24,3,35,40,6.9,267131
44,17,3,11,39,7.9,171242
35,12,1,19,40,9.0,131748
50,23,3,38,46,7.2,250283
37,16,3,20,49,8.1,175012
25,2,2,2,37,9.0,58014
49,23,3,32,36,8.9,260147
24,0,2,2,55,6.5,48691
30,3,4,2,42,8.5,65474
37,14,3,12,44,7.3,161459
30,9,3,11,40,8.6,107945
37,8,3,13,45,7.8,122549
40,14,4,11,48,7.4,135079
44,16,2,8,44,7.6,169162
25,2,2,4,52,7.4,64760
54,26,3,40,41,7.4,287265
26,4,2,5,42,6.8,60747
22,0,2,1,44,6.6,45127
33,10,3,19,45,9.5,141191
31,1,3,3,44,7.7,30666
43,22,2,40,37,6.2,247339
36,9,2,14,45,6.6,101768
51,21,2,19,41,8.5,232883
31,9,2,6,40,6.0,74389
36,12,1,14,43,4.9,150034
28,0,3,3,38,5.0,25816
24,0,2,2,37,4.6,49060
60,32,2,42,30,5.2,351070
24,2,2,3,52,5.3,42976
45,18,4,15,46,8.9,204021
23,0,2,4,42,6.9,54200
52,23,1,32,40,6.5,220838
23,0,1,3,30,5.0,36469
47,26,3,38,39,6.8,291014
49,21,3,19,47,4.6,225535
52,22,2,14,48,6.5,224082
39,16,2,21,46,9.9,172218
41,19,1,32,44,7.9,191533
25,2,3,4,50,6.7,66782
38,12,3,14,41,8.0,144167
48,25,1,41,48,6.3,280047
42,12,1,15,41,5.9,128171
41,16,1,26,39,9.4,184836
26,0,1,1,38,5.4,48223
21,0,3,5,38,6.5,22000
25,0,2,1,46,7.4,22000
32,4,2,2,39,5.7,78825
46,23,1,20,38,7.9,215677
54,30,4,19,47,6.6,321315
34,8,3,12,45,7.9,101799
46,19,2,14,48,7.8,177112
47,18,2,25,46,6.7,188381
29,8,2,3,39,9.4,83333
46,18,2,28,43,6.1,189710
42,14,1,4,44,8.9,142248
50,24,3,26,38,8.6,258158
37,13,3,13,37,9.5,140671
46,23,4,39,40,7.2,269286
56,33,1,47,53,5.9,386752
21,0,3,1,41,9.9,67736
28,0,3,6,49,6.5,45628
55,28,1,35,41,5.9,318419
35,14,2,20,47,6.7,163730
42,16,1,14,48,5.6,143516
34,7,2,9,48,7.7,77966
46,19,2,24,45,6.2,193033
48,19,3,30,50,6.6,231515
43,13,2,23,45,8.4,144594
34,9,4,12,52,7.9,97242
44,23,1,35,35,7.0,238023
22,0,4,2,45,7.2,23033
46,22,2,25,44,7.0,219890
34,9,3,14,38,6.4,100036
27,0,2,5,46,7.0,46746
23,2,1,3,36,7.7,60530
43,20,3,10,40,6.8,211030
38,13,2,17,33,7.6,123358
58,35,3,28,51,5.8,395639
55,31,3,22,42,6.2,339377
35,12,2,9,54,6.0,125904
45,21,2,26,47,6.2,219348
57,36,3,28,45,8.8,397787
48,20,1,30,40,8.0,197267
30,6,3,13,38,5.5,77725
59,32,4,28,46,7.6,332801
37,15,1,16,43,6.5,158738
59,37,1,42,36,6.0,398768
42,16,3,22,35,4.9,175252
46,24,2,32,38,8.4,267547
45,19,2,27,52,5.1,196736
37,15,1,26,54,6.9,178057
33,9,3,12,44,5.7,115548
40,13,1,24,44,8.1,141962
45,17,2,21,41,6.5,172139
24,1,3,5,38,6.8,61277
30,1,2,0,50,6.9,50514
23,1,2,4,52,7.4,65916
38,10,4,14,39,7.0,92032
56,28,3,38,43,6.9,318232
42,18,3,15,41,6.3,167471
54,33,2,29,41,4.8,358001
28,7,3,2,49,5.4,93926
60,38,1,34,36,8.0,448290
39,10,1,13,45,6.6,98592
57,35,2,45,47,6.1,398492
26,4,2,8,42,5.0,61914
46,20,3,18,47,4.6,195806
54,27,2,16,44,6.0,289343
26,0,3,0,49,8.2,46559
57,28,3,23,35,6.2,300013
53,27,3,21,41,7.6,298852
42,14,2,12,43,6.2,142299
41,15,3,14,30,7.9,146340
26,4,2,2,38,6.5,58954
26,5,1,6,39,5.3,53476
24,0,4,2,48,6.6,48096
50,21,1,31,39,9.6,237313
31,3,1,5,39,9.5,47420
50,26,3,34,47,7.7,275622
51,26,2,22,35,6.8,269271
44,19,3,20,33,7.4,189966
29,3,2,7,41,7.4,62091
23,0,2,0,36,6.9,39295
51,26,2,27,36,7.6,249706
60,38,2,36,46,7.3,449688
57,27,2,15,47,6.6,265714
56,35,3,42,47,5.3,408482
44,23,3,30,49,6.4,246787
51,21,4,27,49,8.1,234517
26,0,1,0,32,7.0,51827
22,0,3,7,45,7.4,53181
40,16,3,23,40,6.6,185466
48,23,4,26,39,5.5,252201
31,4,1,5,46,6.7,71280
24,2,3,4,34,5.6,52969
35,9,3,13,34,5.5,105033
26,5,2,8,46,8.7,93836
50,23,3,20,45,6.4,246078
58,29,1,28,44,6.0,331562
22,0,3,1,39,9.3,57526
35,10,4,9,47,8.1,109526
31,7,3,10,46,6.5,91291
28,5,2,10,43,7.6,82765
46,17,1,18,37,6.7,168424
25,0,4,3,41,6.0,50892
26,0,2,0,47,7.7,52514
46,17,1,22,50,6.5,160975
24,0,3,5,41,7.1,60273
39,9,2,4,42,8.4,95798
40,11,1,16,42,8.3,115499
53,31,2,19,44,6.2,321941
40,11,1,17,40,7.7,130703
32,8,3,10,30,5.4,86595
21,0,3,2,49,7.6,39637
46,20,3,11,52,7.2,205462
34,8,3,8,40,7.5,76814
58,36,3,24,38,6.6,395954
57,30,3,46,42,9.9,340575
31,5,1,6,42,5.7,63020
56,35,3,36,48,8.4,419870
33,11,2,14,43,5.6,125527
23,0,3,0,39,7.7,56231
53,32,3,41,36,7.8,380918
26,5,2,7,47,7.1,69857
30,9,4,15,46,6.3,115729
25,0,1,6,48,7.2,44709
43,19,3,23,38,7.4,178417
30,6,1,13,52,9.5,78393
22,0,4,4,34,5.8,37493
33,12,1,5,47,6.2,116215
60,30,1,37,33,7.4,327998
22,0,2,0,39,6.6,41764
40,13,2,20,51,6.9,126062
21,0,2,0,47,8.5,51173
57,31,3,34,40,3.1,342053
29,7,2,14,40,6.2,97080
37,10,1,13,44,4.6,117152
29,7,2,5,46,5.3,80985
31,1,3,5,49,10.0,76557
35,7,3,11,41,7.8,84337
44,16,3,26,35,8.3,167561
58,37,3,22,44,6.9,427355
55,27,2,20,41,8.1,280325
50,28,1,33,36,4.5,291960
51,25,2,31,44,8.5,297716
25,4,3,5,42,5.9,70402
34,9,4,8,45,6.3,111596
31,4,2,6,39,7.7,56179
29,0,1,0,45,7.4,22000
54,33,1,48,36,7.1,368699
32,10,2,10,39,5.1,117352
55,28,3,20,42,7.1,297875
55,29,1,46,52,8.3,334008
21,0,4,4,47,6.3,64368
60,30,2,24,48,8.8,346218
42,20,4,28,50,5.8,231446
49,19,3,25,60,7.0,217971
28,4,3,8,43,9.1,58506
31,8,3,9,50,6.0,92888
57,30,3,24,48,8.5,332881
34,6,3,9,48,9.8,84682
50,28,3,14,52,7.2,304881
55,25,3,34,41,6.3,298990
41,14,4,12,41,5.9,169063
57,29,3,42,45,8.8,341307
25,0,3,7,42,8.8,60703
39,13,3,14,45,9.0,140257
34,4,2,10,51,7.0,91829
46,25,1,27,41,8.5,243456
24,0,2,6,41,6.9,54004
45,24,3,35,44,5.8,271877
45,21,3,25,42,8.6,222140
38,16,2,20,33,9.3,167725
60,35,3,36,40,5.6,387289
28,0,3,0,46,5.5,26050
59,30,1,15,50,7.1,291807
60,30,3,21,37,8.3,336910
34,11,3,10,37,5.4,130624
52,24,1,32,43,7.3,227648
58,35,3,25,33,6.2,411610
53,27,3,18,41,8.0,289716
43,19,1,12,34,5.9,181368
35,7,1,7,50,8.1,72271
53,27,4,34,39,6.8,322370
45,17,2,13,51,5.7,175803
37,16,2,24,49,7.1,189796
53,27,1,16,40,4.3,278940
22,1,3,6,38,6.2,63478
34,13,3,13,42,7.5,135121
60,32,3,25,42,4.5,347164
60,33,1,38,45,3.4,348980
59,36,4,46,39,3.7,437431
26,0,2,0,47,8.9,49945
26,0,2,8,44,6.9,59080
23,0,2,4,41,6.3,53203
27,4,2,3,39,8.3,44833
28,2,3,0,42,6.4,66769
35,11,4,8,39,7.4,136050
49,26,2,23,43,7.0,269599
53,24,3,30,43,6.3,266628
50,20,3,13,44,7.4,207266
59,37,4,42,52,8.1,462463
47,26,2,25,42,6.7,270023
56,34,3,50,48,6.4,410927
49,22,2,42,44,6.5,246558
58,28,3,39,42,3.8,304464
53,32,1,49,42,7.4,363672
57,31,3,43,43,5.3,387038
47,20,2,30,44,7.9,210424
53,24,2,35,38,6.9,256161
24,0,3,1,36,7.1,30983
42,16,3,11,46,8.0,164151
22,0,3,1,47,5.7,50789
30,2,3,1,47,7.5,65251
25,0,2,1,44,7.4,41480
30,7,3,9,47,6.7,105876
53,24,2,40,47,5.7,274431
58,36,1,23,47,7.8,393402
33,10,3,15,39,8.0,101644
51,29,3,37,38,7.2,336587
56,35,3,50,41,5.5,415086
44,20,3,24,43,6.3,215117
35,10,3,15,42,6.9,113207
49,23,1,28,34,8.0,245756
28,3,1,4,52,4.8,59602
25,4,3,5,42,6.2,63588
49,26,2,36,44,6.4,269375
24,3,1,6,49,6.9,73685
32,7,2,16,31,5.2,91559
22,0,3,6,40,6.7,47315
47,21,2,28,41,6.6,190399
51,23,3,23,41,5.5,242045
56,26,3,11,42,6.8,266816
56,35,2,28,50,6.2,384678
46,22,3,17,46,7.7,243711
47,17,3,27,48,5.8,197888
25,4,3,7,43,7.1,76122
40,11,3,12,36,5.9,131065
31,4,1,16,33,6.2,53172
30,3,3,4,35,7.4,53456
60,35,2,23,45,7.3,388998
58,31,4,25,43,6.4,342326
26,4,3,7,42,6.6,77856
28,4,3,7,41,5.0,58364
43,16,2,12,53,9.0,188260
46,23,2,32,39,8.0,237886
32,10,2,6,48,7.9,138234
46,16,2,14,43,4.8,183232
33,11,2,18,43,6.2,122643
60,39,3,41,49,6.5,482534
38,13,1,21,50,4.3,131815
45,19,4,25,42,8.2,227709
53,27,1,24,47,9.0,284228
60,31,4,37,45,9.9,354315
32,8,4,8,43,5.5,56096
56,35,3,22,44,7.2,391775
24,0,3,4,40,8.9,51399
25,0,2,2,41,6.6,54864
57,27,3,36,40,6.2,300600
28,2,2,5,48,4.4,62285
48,25,2,24,43,8.6,262153
51,29,3,33,37,7.0,318183
29,3,2,4,39,6.0,67308
49,28,3,42,30,7.4,285624
34,7,2,14,41,7.2,92756
60,33,2,49,43,7.2,377510
42,12,1,18,42,6.7,144417
31,4,1,8,53,9.3,70051
43,13,2,10,46,6.8,142259
21,0,1,10,46,9.3,63808
57,33,1,50,35,7.8,354609
41,14,3,12,41,7.5,148458
46,17,1,29,41,6.8,174310
56,31,3,24,39,8.4,355516
43,21,2,31,39,7.2,233431
21,0,3,0,34,5.7,30852
60,30,2,29,37,5.6,307581
35,14,2,8,47,7.6,157718
41,14,3,17,42,5.7,149568
29,3,2,2,40,6.9,36289
29,2,3,5,43,8.5,42171
30,0,1,3,49,7.4,48802
46,23,4,16,43,6.0,229830
55,32,2,22,46,9.0,374716
45,18,2,17,39,7.8,174165
46,24,3,33,40,8.4,268726
31,10,2,19,45,3.8,113859
58,29,3,27,52,7.5,317127
22,0,2,0,50,8.2,22000
27,0,3,0,46,9.4,51191
38,11,1,8,44,5.0,99561
47,24,3,27,50,8.7,270778
54,24,3,30,47,9.3,270462
47,25,2,15,32,4.2,246609
37,10,1,8,38,7.7,123592
44,15,2,17,45,7.9,154746
45,24,4,30,34,6.5,259324
27,3,2,8,39,6.3,38820
26,0,2,5,40,7.9,41858
44,17,1,14,42,6.1,170408
53,23,2,15,42,6.7,227058
49,22,3,17,42,8.1,238657
42,12,4,19,47,9.5,149390
46,24,3,17,42,7.8,239003
48,24,3,31,41,7.2,268274
41,16,3,7,36,6.3,155790
27,6,1,5,48,5.6,75923
37,16,2,13,40,8.6,159227
40,10,3,10,38,6.8,104435
40,17,4,26,44,8.6,200609
42,12,3,15,39,6.5,129493
48,25,2,32,40,6.1,287341
60,32,2,33,44,7.6,366835
27,0,2,4,41,6.9,47890
21,0,4,0,55,5.3,43220
52,30,3,42,43,9.5,327238
33,3,3,5,46,6.1,52309
50,28,2,35,33,8.3,297992
43,19,3,31,39,8.2,210230
39,17,2,27,38,5.2,177150
52,25,2,36,38,5.6,275673
50,21,3,22,45,6.6,228438
49,22,1,29,48,5.8,242700
49,23,1,16,45,9.4,231877
50,20,4,16,42,6.7,217436
36,15,3,13,40,8.2,165176
60,30,2,26,49,7.7,331799
39,10,3,17,53,7.4,142633
38,13,2,4,44,7.1,140355
21,0,3,3,48,8.7,34867
34,8,3,3,45,5.8,90978
22,0,3,5,47,9.4,53482
48,20,3,20,37,5.2,231518
50,22,2,25,41,8.1,229843
58,30,2,24,45,5.0,306610
24,3,2,3,49,6.6,65570
21,0,2,2,39,7.1,45114
28,0,3,4,33,6.3,37165
49,24,2,9,41,6.7,235417
59,30,1,29,48,5.1,328187
23,1,2,3,35,5.6,29287
52,23,4,19,37,7.7,244849
30,2,2,7,44,7.0,50184
30,1,3,0,42,6.0,56987
39,15,2,22,46,8.9,171976
54,33,1,26,37,5.3,334090
53,32,2,36,41,6.5,343976
43,18,3,28,49,6.3,223931
48,26,3,32,37,7.9,300809
52,24,3,31,50,7.1,278879
27,0,2,4,38,6.8,39747
49,24,1,38,47,4.4,271542
28,3,4,14,41,8.2,61899
21,0,2,3,37,6.7,47036
23,0,3,1,41,7.2,36431
44,16,3,20,46,6.0,170573
43,13,2,11,43,5.7,141369
28,7,3,3,49,9.1,93737
57,35,1,47,50,4.5,390284
23,0,2,4,37,5.5,29908
53,29,1,31,37,9.1,287104
48,23,3,17,36,7.9,250058
28,6,2,14,39,6.5,71050
54,33,3,18,49,8.7,393151
55,26,4,30,46,7.6,293289
52,31,3,33,40,7.3,365273
44,20,3,11,43,7.3,184592
34,12,2,16,50,7.7,146028
52,28,2,23,53,7.7,315923
36,8,2,8,44,10.0,118603
24,0,3,5,30,6.7,22000
57,28,4,16,44,6.8,297407
41,16,4,28,48,5.3,191608
34,7,3,10,44,6.9,95191
51,28,4,33,47,9.6,332310
38,8,2,11,45,8.4,97687
27,3,3,5,37,6.2,76360
30,0,4,5,39,7.0,77152
27,0,2,0,41,5.2,34948
53,23,4,25,48,5.6,259731
43,13,2,16,39,7.2,139335
41,20,3,12,45,6.3,221059
39,17,3,20,45,5.5,191059
39,14,4,12,51,7.7,147553
56,33,2,22,43,6.9,351258
49,27,3,25,34,4.8,272198
38,17,3,15,46,4.1,206198
22,0,2,1,54,6.2,51174
21,0,3,0,47,4.8,30752
25,4,3,2,39,4.4,49773
40,19,3,13,38,8.6,208393
31,10,2,8,38,6.9,117709
22,0,2,0,53,6.6,52777
23,0,3,5,41,6.7,38793
43,22,2,16,40,5.4,222570
32,5,2,6,42,7.6,75431
40,10,4,18,41,6.8,113365
25,2,3,1,51,5.9,43542
57,29,3,31,38,6.1,323724
58,34,2,37,49,5.3,385917
50,26,2,28,44,6.4,283920
29,4,2,10,49,6.7,82002
54,28,2,20,51,6.4,315253
55,28,3,21,43,7.1,293789
42,18,3,17,41,6.9,197163
44,16,2,25,43,7.3,183470
37,11,1,15,43,8.3,118554
30,9,2,11,35,7.8,104172
50,29,1,40,51,8.3,320151
43,14,1,17,44,5.8,167493
52,22,4,33,37,6.3,247678
37,11,3,16,33,7.9,130928
37,7,3,6,31,7.9,82842
34,6,2,2,47,6.0,69924
29,2,4,6,40,7.9,45346
60,34,3,25,41,5.7,391878
22,0,3,0,45,7.7,53371
45,18,2,15,40,7.0,178597
59,30,4,32,46,5.1,330346
29,0,3,4,43,6.4,45459
42,12,3,10,43,10.0,132788
24,0,1,4,35,7.3,34485
46,25,2,21,39,10.0,251387
49,19,2,17,46,5.0,194115
54,25,2,34,40,8.1,276194
43,19,3,10,49,3.5,202067
57,34,1,47,55,7.0,389181
31,7,1,11,46,7.9,86837
26,2,2,2,50,8.2,39519
38,8,2,11,47,5.9,109972
41,19,2,18,40,8.5,208824
56,35,3,42,44,6.3,410095
58,28,3,14,53,6.8,285449
54,33,1,33,40,6.4,342496
37,9,2,8,38,5.4,89095
57,35,2,32,37,9.2,408083
45,15,1,22,42,7.1,160634
58,33,3,30,38,8.5,357130
32,8,3,10,51,8.5,112901
43,15,3,19,44,5.6,151580
42,20,3,21,48,8.7,214533
41,11,1,20,42,7.7,136211
47,18,4,15,37,5.5,197026
51,24,3,30,36,7.6,275297
26,0,4,0,38,5.6,37322
47,26,1,20,45,9.2,281696
60,38,4,37,46,8.1,455306
54,30,3,40,46,6.9,341759
32,8,3,6,36,8.8,93984
27,4,1,3,43,4.8,56176
30,3,3,6,38,6.0,43162
37,9,4,12,45,6.6,110500
46,24,3,36,45,10.0,295200
41,17,3,18,37,5.5,162300
48,25,4,27,48,4.6,260098
22,0,2,0,55,5.0,25216
21,0,3,3,47,8.3,81142
56,32,2,44,42,6.2,367678
46,20,4,28,41,6.8,221057
49,27,1,36,42,8.1,292610
41,17,3,16,39,6.8,180692
31,5,3,11,44,7.3,74015
60,35,3,50,37,7.7,410343
31,8,3,7,34,6.4,89858
56,28,4,14,44,6.8,295443
59,32,4,47,43,7.3,379057
60,37,1,31,40,8.2,417627
55,29,2,47,37,5.9,311994
54,30,1,29,44,2.8,340369
44,19,2,19,38,8.0,205748
42,17,3,13,42,8.3,165419
25,0,4,1,52,7.3,22000
53,28,3,28,46,7.4,303050
56,33,1,36,36,6.2,365332
40,10,1,12,37,7.7,113636
39,14,3,24,44,8.2,162250
55,28,3,27,36,7.1,297483
37,12,2,8,33,10.0,116850
54,29,4,34,46,4.8,324669
29,0,4,5,45,7.2,37201
46,23,2,31,45,5.4,239923
22,0,4,3,44,8.2,65621
29,8,2,5,43,4.8,77655
29,0,3,5,40,5.1,46731
60,35,2,26,46,6.1,397311
37,9,1,18,51,7.4,98885
21,0,4,2,40,6.2,31680
45,16,2,24,38,6.2,181207
60,34,3,48,37,6.7,387621
45,17,2,29,39,6.7,182810
59,29,1,39,44,9.1,345720
55,27,1,25,32,8.0,288948
23,0,2,4,45,6.5,43373
57,30,3,24,46,9.9,348839
50,23,2,32,34,7.7,245139
58,28,3,45,38,5.6,329469
54,28,3,42,43,7.4,297145
32,5,3,5,42,7.7,74929
39,17,2,22,46,6.0,154264
57,28,4,16,42,5.5,303526
37,7,2,7,49,7.1,87566
30,0,2,0,41,6.5,53279
32,11,2,15,38,9.1,134522
36,15,2,28,38,8.0,161087
44,21,1,12,47,6.1,199575
39,16,3,23,43,7.6,183178
28,7,2,9,46,8.8,87979
51,24,2,37,46,5.0,259722
41,17,3,29,33,5.6,198810
37,7,2,7,37,7.0,74200
43,21,2,18,38,7.0,207908
57,27,1,40,39,6.9,287001
36,11,3,5,41,6.6,154807
26,0,1,1,48,6.5,46399
28,0,2,3,49,7.5,59585
45,21,3,29,42,8.6,243828
38,16,3,13,42,6.3,176385
45,20,3,37,39,10.0,238833
32,9,3,14,43,9.7,122213
35,13,1,12,44,8.9,120061
46,25,2,35,47,7.9,281494
46,16,2,12,47,9.8,170380
52,30,1,43,31,6.6,330495
30,4,2,0,42,5.8,57410
36,8,2,7,50,6.3,105018
27,4,3,8,41,5.6,78259
37,8,3,13,49,7.2,71404
43,14,2,15,41,7.4,142503
46,24,3,22,44,7.3,236341
41,13,2,11,37,7.0,135777
42,12,2,10,38,7.2,121291
27,2,3,7,47,9.4,82780
34,10,1,20,47,7.9,122537
35,5,1,11,43,8.3,71674
27,2,2,2,37,7.3,60713
29,5,4,7,43,4.7,70582
28,0,3,3,49,4.5,34724
43,19,1,23,52,9.9,210964
49,19,3,21,41,6.3,220636
38,12,3,19,35,6.1,142903
51,29,3,22,47,7.3,325433
50,25,3,41,42,7.8,319261
59,33,2,43,48,7.9,372671
55,30,2,20,44,9.5,316693
38,16,3,23,39,9.1,182107
59,32,3,24,43,5.9,370990
37,13,3,10,50,8.4,135300
34,6,3,7,42,6.5,103015
51,24,4,35,38,6.8,254681
44,17,4,24,35,5.5,183315
55,26,3,36,39,4.6,286042
54,33,3,16,41,7.0,350308
23,0,4,0,47,5.7,34895
57,31,1,36,37,8.3,347110
60,34,2,23,51,6.6,393209
46,20,2,28,36,7.4,186325
43,17,3,12,55,8.9,189973
59,29,3,20,52,4.9,312070
35,8,3,7,44,6.0,97039
24,0,1,4,35,7.3,33349
49,23,2,21,43,7.4,224724
42,21,3,20,41,8.5,244718
45,22,1,19,37,8.2,234702
33,11,2,6,44,7.1,115082
38,12,2,10,39,7.4,120040
53,25,2,30,39,7.5,260637
36,13,3,20,42,4.9,111322
22,0,2,0,40,6.8,41446
55,27,3,36,53,7.3,318774
54,26,1,35,40,7.6,279005
50,25,3,15,45,5.7,259364
33,5,2,0,44,5.2,65601
33,7,3,12,45,6.7,84871
38,13,3,7,45,9.8,139055
52,23,2,15,47,5.9,231364
52,25,4,14,44,8.6,281360
55,27,3,32,44,9.2,322806
59,38,2,43,43,7.1,442610
49,27,2,39,42,6.0,283613
49,21,4,30,38,7.7,237618
36,7,3,3,43,7.3,112098
30,6,2,8,44,5.8,67286
50,20,2,9,45,6.1,207430
45,15,3,11,44,7.6,175882
59,30,3,24,42,8.3,328430
40,16,3,9,43,6.5,155551
25,0,2,4,40,6.9,47749
21,0,3,5,45,7.9,53139
50,20,2,8,42,6.8,204537
23,0,2,2,44,6.6,65285
34,7,3,1,48,5.9,87265
50,28,4,43,39,5.9,309733
24,0,2,2,46,10.0,50700
38,14,2,8,43,6.7,143909
57,29,3,32,53,8.9,349336
45,18,3,15,42,9.4,192289
21,0,3,0,46,6.7,37241
35,7,3,17,43,7.5,83906
29,8,1,9,36,7.1,95489
35,10,4,4,40,4.7,147128
44,22,3,9,47,4.8,218439
24,2,3,9,41,7.1,64883
32,11,3,11,32,6.4,110436
57,32,3,32,43,9.6,353485
57,35,1,25,38,6.7,381511
26,2,2,6,44,9.7,62688
59,36,3,30,51,6.3,388283
44,21,2,21,47,9.7,246400
31,9,1,8,51,7.7,109082
33,7,3,7,40,7.8,91997
54,32,3,49,42,6.3,369496
45,17,1,17,38,7.8,175154
27,0,3,2,40,9.4,53017
24,0,3,0,38,6.8,43216
28,0,3,0,36,6.5,49466
40,13,3,22,50,6.7,168093
49,25,2,30,33,9.3,293517
30,9,2,16,50,8.2,105418
54,32,2,17,49,9.0,342769
46,16,3,13,45,7.4,174944
23,0,3,0,37,7.1,29301
26,2,3,4,35,7.6,46044
25,4,3,6,40,8.5,77733
25,0,3,6,46,6.7,58060
43,14,3,22,43,8.9,178441
29,5,2,14,38,7.5,76339
55,25,1,35,49,3.6,266308
40,17,3,12,51,8.2,186973
55,33,1,50,42,5.2,369732
38,13,2,15,44,8.2,133018
37,14,3,22,35,8.3,146311
44,14,2,16,41,7.5,156810
23,0,3,8,46,7.8,41706
52,26,2,20,45,8.5,254907
55,34,1,49,40,6.3,383059
58,30,2,34,42,8.1,350613
33,11,3,12,41,8.6,94322
45,20,2,18,42,9.5,207990
29,0,3,2,45,5.5,48453
24,0,3,0,33,7.6,22000
34,12,4,16,43,5.7,134910
57,28,2,34,45,5.6,290487
54,29,2,31,40,7.5,303774
31,1,3,4,41,7.1,44681
23,0,4,0,41,8.6,33122
48,25,4,37,41,6.5,271324
49,26,2,16,43,6.8,266869
29,0,3,5,44,7.3,73626
23,0,2,10,32,5.8,48293
45,15,1,16,46,6.0,163426
54,24,1,39,42,8.6,271857
32,10,2,5,53,6.2,101680
29,7,2,11,37,8.7,95530
35,10,1,8,39,7.9,119022
60,34,3,20,42,4.8,382620
45,23,2,31,45,7.7,252795
25,0,3,1,33,7.7,45241
31,4,2,9,39,7.6,98464
54,24,1,21,46,6.8,254563
44,14,2,11,38,5.7,134778
35,7,2,9,50,8.9,96212
58,31,3,35,41,6.9,338110
28,0,2,0,39,5.8,62364
25,0,3,2,46,7.6,65346
46,21,1,24,51,6.0,217399
38,13,3,21,45,5.7,172870
26,0,3,8,49,6.5,57539
57,33,1,25,51,6.1,349850
33,4,2,4,38,5.7,70287
48,23,1,24,48,8.1,245454
25,3,3,6,35,6.8,69154
33,3,2,7,45,8.8,50781
37,9,3,14,43,5.8,98356
60,33,3,27,49,4.6,386112
52,24,4,38,49,7.2,301318
49,26,3,29,46,9.6,310991
23,0,3,0,44,7.7,70274
60,35,2,22,46,10.0,401428
54,28,4,19,43,7.5,315725
60,39,3,50,43,7.3,464472
47,23,2,30,50,4.0,235894
33,3,3,4,51,7.6,43541
53,28,2,33,42,7.2,301952
26,0,3,3,44,6.4,22000
44,19,3,30,43,6.8,224152
39,18,2,27,35,6.9,194321
36,9,3,2,41,6.7,74816
60,32,2,44,51,9.9,373572
48,21,2,32,39,6.5,248042
53,29,2,25,54,7.2,315502
33,5,3,11,49,6.4,69970
45,20,2,19,45,8.1,188874
56,26,1,33,46,7.2,256582
47,18,3,17,38,6.6,193777
58,28,1,27,42,4.3,281014
27,2,1,7,50,7.3,53428
25,4,2,7,40,6.6,60053
51,22,2,25,48,6.9,232617
43,18,2,21,36,5.3,166334
30,4,1,10,37,9.0,73133
52,28,4,40,53,8.2,317168
50,24,3,27,43,9.0,257560
59,31,2,32,40,8.6,356310
51,28,2,37,50,7.8,319224
38,13,2,18,49,5.4,149088
56,34,3,23,48,9.6,416035
22,0,1,1,40,5.7,32384
34,7,2,9,42,6.6,87608
33,3,3,2,45,8.0,60528
49,19,2,19,46,8.1,195639
32,2,2,1,40,7.8,39223
59,33,3,24,44,6.4,368709
22,0,3,4,44,6.2,47561
52,27,2,43,49,10.0,317979
33,12,3,23,47,6.9,144832
47,20,1,28,35,6.8,215014
37,9,3,7,42,6.0,102483
60,31,2,20,38,7.3,324818
51,23,3,37,46,7.3,250276
54,29,4,25,48,7.0,309762
44,21,4,21,44,7.5,249565
55,25,4,33,42,9.5,282011
26,0,3,1,43,6.2,29142
39,13,2,13,44,7.1,133350
50,25,2,36,40,6.1,266709
27,4,3,7,37,7.4,88292
30,4,4,4,33,6.2,60062
52,29,2,39,49,6.3,355761
54,24,4,27,45,5.0,264914
48,22,3,21,45,7.1,260744
35,11,4,19,49,7.6,150217
50,28,4,44,37,9.6,337472
57,29,2,21,34,7.7,323794
49,25,1,20,45,6.4,266467
42,13,1,7,44,5.1,131336
24,0,2,6,34,5.3,63361
40,18,3,8,45,5.2,173719
52,28,3,26,41,9.6,300661
56,31,4,16,39,7.4,334525
24,1,3,0,41,6.2,64887
47,18,1,16,31,5.7,187279
37,12,2,20,40,5.8,124597
32,10,1,10,39,6.1,74794
42,19,2,16,46,8.8,197690
37,8,3,16,42,7.0,92741
30,3,1,3,46,5.0,46143
21,0,2,4,30,10.0,30947
42,13,1,7,39,5.4,102656
46,22,3,27,46,6.2,262008
38,9,2,12,41,8.8,100856
34,12,2,20,47,7.6,155852
49,19,2,22,34,6.3,190354
32,8,4,6,47,5.3,84720
56,31,2,30,40,5.6,341089
55,33,3,44,39,5.7,375757
32,2,3,2,48,7.0,54275
27,6,3,9,49,7.3,90899
49,22,4,17,48,6.8,229823
31,1,2,0,53,6.9,29776
53,32,2,31,49,5.5,352185
26,0,1,0,39,7.4,47567
35,12,3,8,44,8.8,123741
52,22,2,35,41,6.8,240898
31,5,1,8,53,6.7,94016
43,16,3,30,49,7.1,185233
46,16,3,27,42,8.6,185043
54,33,1,23,47,5.7,350983
54,28,3,23,37,9.0,298362
49,22,3,22,44,7.6,225740
24,0,2,0,38,7.0,24829
37,13,2,11,35,8.7,140578
55,34,3,35,47,5.3,398274
33,4,3,10,48,7.7,87091
59,35,2,36,45,7.6,395357
35,8,2,10,42,5.7,106030
49,22,3,37,37,7.6,250598
49,27,4,44,37,7.4,316369
31,10,3,12,38,6.7,73678
52,24,1,29,42,8.2,242981
22,0,2,0,48,6.2,22000
34,7,4,12,48,7.4,109345
40,12,1,13,35,6.8,121730
42,19,4,29,40,6.1,199836
31,9,4,12,39,7.7,116602
47,20,1,22,30,6.7,178968
23,0,4,0,46,4.9,27325
37,16,2,11,42,4.5,146557
48,18,3,23,42,8.1,204682
49,20,2,26,50,5.3,228543
41,17,2,16,43,7.4,169168
36,12,3,18,41,7.1,153180
57,34,3,26,46,6.5,384599
40,14,1,25,48,9.7,163574
26,5,3,5,44,7.3,75834
39,13,2,17,46,8.1,142892
25,3,2,7,42,7.4,67482
23,0,2,2,43,6.7,49034
21,0,2,0,44,7.0,29085
58,31,2,30,39,9.0,340708
35,14,1,13,40,8.5,163571
54,27,1,26,50,9.7,293416
55,30,1,34,53,7.3,332490
45,17,2,18,51,5.8,191907
44,20,4,27,36,6.4,213935
32,2,1,8,36,5.3,46082
38,11,4,5,37,8.1,132642
35,9,3,18,44,6.2,127847
36,11,3,16,30,2.7,82628
47,23,3,16,40,10.0,238460
28,1,3,5,50,6.2,40630
45,20,1,21,48,6.2,201464
37,12,3,14,40,9.3,127838
49,28,3,33,41,5.3,315769
28,6,3,3,46,8.6,87879
35,10,3,16,48,6.2,131570
47,24,1,15,40,5.1,243576
27,5,3,3,42,9.4,87299
23,0,3,4,40,8.3,42521
49,25,2,22,36,8.3,262901
44,20,2,12,42,7.5,195820
23,0,3,6,42,7.8,31623
40,17,4,22,37,5.3,195015
35,8,2,5,46,7.2,93401
45,16,3,18,45,5.7,152579
50,25,2,18,46,5.1,261693
34,10,1,16,39,7.6,109213
27,5,1,6,33,8.6,44282
37,15,1,23,45,6.5,141515
40,15,2,12,40,6.7,143143
56,29,2,31,39,5.4,312636
29,0,3,0,37,7.0,47856
58,28,3,32,42,8.1,323495
42,13,1,12,51,8.1,146204
22,0,2,0,40,7.8,39288
44,19,2,18,38,6.1,211777
28,0,3,5,46,6.1,53298
31,1,1,0,44,8.1,48015
33,3,1,3,32,8.1,59619
37,11,4,19,46,6.8,131202
28,5,3,6,54,6.4,79513
41,16,2,20,30,8.6,141997
38,10,2,14,37,6.5,105809
50,29,2,32,30,8.0,334079
38,17,3,11,43,6.8,177491
51,24,3,32,48,5.5,265911
58,33,1,50,44,9.3,392753
52,27,3,44,50,7.2,318754
31,10,2,8,47,6.0,99662
45,16,2,20,52,5.1,169514
53,32,2,47,49,5.2,352027
58,33,2,49,41,6.5,381763
28,0,2,4,43,9.7,39297
31,2,2,7,39,6.2,63090
42,18,2,25,42,9.0,190587
44,16,1,18,43,6.8,152304
37,11,3,6,43,5.3,114156
32,9,1,4,50,6.3,101075
52,28,1,23,41,5.2,270082
35,13,3,24,38,5.8,139745
36,15,3,21,39,5.8,162612
42,14,3,20,46,4.3,167490
48,27,2,37,36,9.1,268855
40,19,2,20,42,7.3,205192
53,29,3,34,50,6.0,322477
30,0,3,1,44,7.3,37565
60,30,2,46,43,5.8,329926
52,26,4,33,43,3.3,282673
53,24,1,37,38,10.0,269540
22,1,4,5,39,7.3,45799
53,26,3,36,42,6.2,309363
53,23,3,19,44,4.3,245086
33,8,4,6,48,4.9,100166
50,22,3,28,43,9.3,244517
53,26,2,41,50,9.1,312358
33,9,2,18,51,8.1,133442
46,22,1,23,47,5.4,208253
42,16,2,14,49,9.1,164207
59,33,3,50,38,7.6,397416
22,0,2,5,37,7.9,53940
58,33,2,41,46,7.6,374406
59,31,3,33,36,4.9,332651
46,21,3,14,42,5.3,214553
35,13,1,14,47,6.3,151890
54,28,2,16,50,7.9,297602
60,31,1,42,42,5.1,321983
31,8,3,13,40,6.8,102165
23,2,1,2,45,6.8,59033
26,5,3,14,38,8.1,82033
29,6,2,14,42,7.9,103228
26,0,2,2,43,5.6,47790
29,4,4,11,43,9.0,81209
59,36,1,39,43,5.4,401468
51,22,2,27,39,8.5,213399
52,24,1,23,39,6.2,255713
32,9,2,11,39,7.2,99256
28,0,3,0,35,7.3,33351
28,2,2,5,45,7.3,49402
48,21,1,26,47,7.9,226330
40,16,2,23,47,7.5,161736
27,3,3,6,42,8.1,54040
31,9,3,11,39,7.7,107650
40,15,3,20,47,5.2,155482
36,8,3,11,46,7.4,107673
24,0,2,3,44,6.2,33171
26,0,2,5,52,5.4,63090
42,16,1,15,43,6.6,167471
46,23,2,21,42,7.3,247631
23,0,2,2,41,7.3,33390
34,13,3,13,35,8.5,170768
31,4,3,10,46,8.8,73912
38,9,4,10,42,7.5,103684
32,11,2,13,46,7.7,133261
43,21,3,15,52,7.1,226303
32,9,3,19,41,8.1,107259
33,10,3,14,31,7.7,140800
45,17,2,25,45,6.9,195307
39,12,2,18,44,10.0,141748
56,30,1,33,39,6.2,347263
28,0,2,5,45,9.0,59179
49,19,3,27,47,5.1,206237
52,28,1,23,38,8.1,317697
38,9,2,11,41,9.0,116618
26,5,3,10,50,4.3,83733
38,16,3,12,39,7.2,161624
39,15,2,15,43,8.0,159443
42,19,3,26,30,7.4,197852
57,36,2,31,36,7.5,421857
52,27,1,34,44,7.2,269527
23,0,2,0,49,5.5,54840
48,26,3,13,36,10.0,265882
30,5,4,7,43,6.3,77705
55,29,1,39,41,7.6,312447
49,22,3,25,48,6.1,232218
35,14,2,23,37,3.8,151787
53,26,3,25,45,5.7,280298
27,3,1,1,40,5.0,39358
32,4,2,11,44,8.5,77208
50,26,3,17,43,6.2,265457
41,15,3,25,42,6.3,161047
51,22,2,16,45,5.5,203683
44,19,2,15,43,7.1,188156
40,16,2,21,42,6.0,173260
57,29,2,41,41,8.4,327555
24,0,3,0,43,7.4,64181
48,24,4,35,44,6.2,304804
40,17,2,15,38,8.2,169279
44,16,2,18,41,7.0,156780
52,27,3,33,38,7.0,312168
56,34,2,24,43,5.0,372782
54,24,3,19,40,6.9,266710
56,27,2,19,47,7.5,290186
22,0,3,0,46,8.9,45318
35,13,3,15,38,5.9,136336
54,33,3,43,43,10.0,397543
56,28,3,47,46,7.8,325917
26,3,2,2,42,4.9,66344
59,32,3,32,39,5.8,341732
32,11,3,14,38,9.0,143630
23,2,2,4,47,8.7,37169
38,9,1,9,48,7.0,103431
60,32,1,32,42,7.2,342467
41,18,2,19,47,5.4,166914
35,9,2,8,30,8.9,75690
53,30,3,21,50,5.6,314280
55,31,2,32,42,8.2,344728
46,25,3,19,44,8.9,264074
28,3,2,1,41,7.1,43369
56,35,2,31,50,8.4,416377
50,29,2,30,38,9.6,304474
43,13,2,7,50,7.4,145159
34,7,2,11,45,6.8,80382
34,8,2,16,46,6.9,89536
22,0,1,1,41,6.0,27104
57,35,3,36,36,5.9,407089
25,0,3,4,48,7.6,32342
58,37,2,23,45,6.8,417899
34,12,3,16,50,7.5,129581
59,31,3,27,42,4.9,330091
45,19,1,26,41,6.9,200598
40,18,4,32,50,8.4,242122
22,0,3,3,53,5.4,34018
59,35,2,38,43,7.0,407739
26,4,2,5,39,4.4,53757
37,11,1,21,47,5.2,115953
45,16,1,27,42,8.1,185457
48,19,3,16,46,6.6,190158
22,0,2,0,42,9.6,31351
55,32,3,42,51,7.6,381882
57,34,3,40,40,7.7,415067
25,3,3,2,45,5.5,66450
21,0,3,0,41,6.5,22266
60,36,1,50,42,6.0,403916
32,5,2,4,41,5.5,78405
56,32,3,30,47,7.9,383883
43,14,1,20,48,8.2,155485
51,29,1,37,46,7.6,309840
31,5,3,7,42,5.8,93302
30,3,3,8,44,7.5,66155
23,0,2,0,47,4.3,27180
34,8,3,12,48,8.9,99951
36,9,3,17,30,5.2,88290
30,6,2,5,42,5.4,108233
49,21,1,16,42,7.2,225151
30,1,4,12,46,7.3,53814
32,11,2,10,43,6.9,139512
50,23,1,18,47,5.4,234720
21,0,2,4,38,8.6,49789
25,0,3,2,44,4.6,28985
40,15,2,11,48,4.9,144030
28,6,2,13,36,6.9,81271
32,2,2,0,56,5.2,28413
21,0,4,1,49,8.7,45858
40,13,2,22,43,5.4,141314
48,26,3,15,39,9.2,293324
57,35,4,37,42,8.4,410851
57,27,1,42,43,8.7,308636
32,2,4,0,45,9.6,37894
57,36,4,31,51,7.1,442444
48,24,4,37,41,5.6,261346
35,8,2,8,46,6.9,97773
26,0,3,0,37,6.2,41276
40,17,3,29,41,6.0,190532
34,7,4,8,45,7.2,95139
22,0,2,1,46,6.6,25652
29,2,3,4,39,5.9,40536
57,35,2,50,41,6.7,419507
40,14,1,19,50,7.8,144721
46,24,2,25,49,8.3,258420
49,23,3,35,44,4.8,234545
21,0,2,4,32,6.6,46403
55,32,3,29,56,6.8,349976
26,4,4,4,43,5.3,77742
57,31,2,30,41,6.8,325727
25,3,3,5,40,7.2,73924
53,28,2,42,45,7.7,316332
34,12,2,25,45,7.1,134195
32,9,3,13,48,5.8,128935
40,17,4,23,38,9.8,195344
44,18,3,18,41,8.2,189358
54,28,3,38,53,7.8,335209
45,15,1,25,44,8.4,146185
49,26,2,31,42,7.3,250754
59,36,3,19,38,8.8,421206
51,30,1,43,46,7.1,322664
43,16,2,21,48,7.0,183205
58,30,3,28,47,7.9,338204
40,18,1,19,42,9.2,172702
43,19,2,22,45,9.1,212797
36,6,3,8,51,7.8,85638
28,1,3,6,48,7.7,43282
41,13,4,12,39,8.0,133724
21,0,3,9,30,8.4,25256
28,4,2,8,44,8.8,78396
49,23,4,30,47,6.7,249565
52,29,3,42,38,8.8,334463
58,33,2,42,43,7.5,374929
25,0,1,3,42,7.9,30001
42,13,3,9,44,8.9,125725
54,31,3,25,40,8.0,374915
21,0,3,6,49,8.3,52168
46,18,3,18,44,6.5,212831
30,4,3,4,39,9.1,85309
50,26,4,30,48,8.0,294886
38,10,3,20,37,7.2,123472
37,14,1,11,49,8.5,148163
46,23,3,28,48,10.0,283630
28,4,2,7,50,5.4,77168
60,31,3,25,42,5.9,330573
32,7,4,8,41,10.0,105639
47,19,3,20,43,7.6,214332
28,2,3,4,43,7.3,42606
45,22,2,24,40,6.8,235130
24,0,2,0,40,8.7,58096
53,24,2,26,41,10.0,250470
21,0,3,2,37,6.1,29218
39,15,3,12,46,6.9,173876
51,25,3,19,43,6.5,260549
36,15,2,10,41,8.0,141816
34,10,2,13,37,8.7,125687
25,0,3,0,37,9.3,51072
46,25,2,31,53,8.1,278433
48,25,3,31,40,10.0,295745
22,1,3,0,46,6.2,60708
26,0,3,1,44,5.8,38756
29,7,2,10,30,9.1,112142
53,24,4,25,52,7.2,290451
45,21,1,30,46,5.1,192938
33,11,4,14,39,6.6,115379
29,5,1,7,43,7.4,44786
33,3,1,2,37,6.1,45573
51,25,4,24,52,5.6,263465
31,4,2,11,38,6.7,58088
24,1,3,8,40,5.5,61497
54,31,3,22,39,7.9,320152
58,28,3,26,43,4.3,301907
24,0,4,3,50,7.1,51384
58,33,2,29,52,7.7,370071
39,15,3,17,41,6.9,163269
26,0,1,0,45,8.5,22000
54,27,2,38,43,5.1,283835
38,9,3,7,38,6.0,118646
33,4,2,4,55,6.5,55548
43,18,3,18,50,8.0,217699
39,11,3,14,44,7.3,110928
31,1,3,4,51,10.0,43436
21,0,4,4,49,5.9,35829
44,15,1,23,43,5.0,166799
27,0,3,1,45,9.5,42947
45,19,3,20,51,5.0,206325
41,18,2,25,38,8.0,193094
35,12,1,13,51,5.6,124936
21,0,3,0,42,4.1,48939
32,7,2,11,51,6.5,102558
27,0,1,5,43,8.3,30785
35,8,3,6,45,5.3,90343
41,16,3,23,43,7.8,200031
39,11,4,9,40,8.1,131575
49,19,3,25,42,5.2,184336
45,15,3,15,50,6.7,146756
53,29,1,12,31,9.2,302722
52,30,2,38,37,7.9,341979
55,32,2,34,39,6.6,342044
58,30,4,19,38,7.6,341322
46,19,1,24,51,6.0,216033
31,9,2,10,49,8.6,128354
55,29,3,26,46,8.6,344031
28,0,2,2,40,7.2,46566
34,10,2,22,50,7.3,123618
30,1,3,0,35,5.6,34530
22,0,1,4,54,5.1,40941
29,7,1,5,40,6.5,68728
23,0,2,4,42,6.9,37538
41,14,3,22,41,8.5,176431
46,19,3,11,38,8.3,176971
28,7,2,15,53,7.3,81212
22,0,3,9,47,8.7,65266
26,0,2,2,49,5.7,36448
48,22,4,26,37,8.5,222862
49,23,1,21,44,5.9,229884
46,24,3,35,46,8.7,271731
45,19,4,19,44,7.0,203277
32,8,3,9,37,4.2,97678
25,0,2,6,48,8.0,33302
54,33,2,49,44,8.1,385216
57,29,3,41,38,6.4,325498
35,10,1,16,34,6.5,107104
56,35,3,25,46,6.8,376764
35,11,3,15,55,4.3,120388
43,22,3,13,38,3.7,217497
26,0,1,0,44,8.8,48494
41,19,3,25,49,5.8,229587
43,18,3,10,37,9.6,198071
36,9,3,9,41,8.9,116114
35,13,1,11,39,9.2,150128
45,19,1,17,48,6.1,185994
56,30,2,22,50,4.7,337097
31,6,1,9,44,5.5,89031
35,10,3,12,39,6.4,108149
24,1,4,8,41,3.7,69877
41,11,2,21,40,6.3,130443
33,3,3,5,38,6.7,85816
42,20,1,19,42,5.2,199388
39,12,1,5,46,5.5,109297
54,33,1,15,45,6.7,335810
34,8,2,5,43,7.5,89391
24,0,4,2,43,5.8,35444
47,24,1,30,43,7.4,267397
49,27,3,31,37,7.2,296562
48,26,2,27,44,7.1,258812
55,26,4,17,40,6.1,281496
28,3,1,2,36,5.1,47976
36,9,2,10,45,9.4,105237
56,31,1,38,40,7.9,342961
50,23,2,24,44,8.4,245231
38,14,2,23,47,6.9,163865
22,0,3,1,38,6.8,46150
33,3,3,12,43,7.7,74829
24,0,3,6,34,4.4,22000
46,19,3,19,51,5.4,227758
45,15,1,10,36,5.9,122278
50,25,2,38,40,6.4,270955
31,5,4,10,50,5.8,70067
27,2,3,2,42,7.5,59766
51,24,4,27,37,7.1,267061
30,8,3,11,47,9.0,106125
59,34,1,34,46,10.0,401153
33,3,2,3,40,5.2,65612
51,28,1,28,40,7.2,289395
27,0,2,2,41,7.2,50050
56,30,1,43,42,7.0,349226
40,10,2,14,34,5.5,119666
24,1,3,3,42,5.7,44025
27,0,3,0,52,7.3,27566
21,0,3,4,39,5.7,43446
33,10,4,10,40,7.2,126323
42,14,1,3,37,6.7,119805
41,17,1,13,46,7.2,169661
42,21,3,18,49,5.7,220515
48,22,2,21,49,7.2,248803
29,0,2,0,37,5.8,55446
46,25,2,12,45,7.2,269003
29,4,2,7,50,8.9,74933
35,8,3,8,46,7.4,114873
30,4,2,3,45,7.5,74345
44,22,3,27,41,8.1,240761
28,4,3,1,44,5.0,86139
44,22,2,26,49,9.4,233044
36,15,2,20,45,5.5,165097
46,23,1,29,37,8.2,249745
47,24,2,30,41,8.0,255710
57,30,3,44,49,5.7,353460
24,3,3,8,45,8.4,81146
44,15,3,22,44,7.7,172386
39,13,2,11,40,9.6,146580
56,32,3,35,49,7.3,369925
59,36,3,46,51,6.8,441330
30,7,2,11,49,6.3,89052
45,23,3,16,50,4.6,235058
38,16,2,16,41,6.6,164327
39,9,3,16,40,6.6,124484
56,31,3,32,42,7.4,328992
30,1,1,0,43,5.0,26188
53,31,3,26,50,6.7,374419
25,3,1,4,49,7.8,64722
55,29,1,50,46,7.9,323706
54,24,4,23,36,4.4,264288
53,31,4,23,35,8.0,338670
41,17,1,12,44,6.7,141057
37,11,2,6,47,6.7,121088
42,17,2,21,43,3.7,162431
57,36,2,44,53,9.1,429347
35,9,3,10,38,7.2,109633
55,34,4,40,37,4.9,397455
48,25,3,41,40,7.5,263992
27,0,2,2,39,7.5,40465
52,27,3,23,46,8.7,303695
31,1,2,8,41,6.6,32479
30,5,4,5,35,7.0,56220
29,0,3,7,47,6.1,34272
34,8,3,7,34,7.8,104211
33,3,2,10,38,5.9,35030
45,17,2,24,35,5.7,184707
22,0,1,6,44,6.9,47055
55,34,3,50,44,5.3,397340
27,2,2,1,53,9.2,43582
41,18,2,25,48,9.7,191902
38,14,2,8,50,6.4,153143
23,0,3,0,44,5.1,52231
59,32,1,40,38,7.5,339614
31,6,3,10,44,6.3,98712
59,37,4,27,46,8.6,448801
44,18,4,11,47,5.9,190358
39,13,2,18,41,7.8,134006
24,0,2,4,45,7.2,37123
46,16,2,20,38,6.1,186605
58,32,2,45,38,7.3,365841
52,23,1,32,37,8.2,258178
59,31,3,20,43,7.1,342409
56,28,2,20,37,7.1,286578
60,39,3,32,41,5.8,462389
57,32,1,23,48,8.6,371184
53,26,3,28,38,8.5,278681
56,30,3,35,40,6.4,347316
23,0,3,2,43,6.8,44886
29,1,4,0,44,9.0,37346
28,5,3,1,41,5.4,49288
53,27,4,42,47,7.8,314396
26,1,2,6,46,6.2,53250
59,31,3,48,49,9.5,382850
24,0,1,2,43,7.1,22000
33,5,1,13,40,8.8,86782
22,0,2,2,40,5.9,35229
25,3,1,4,45,5.3,53210
47,18,2,16,41,6.7,189873
52,23,1,18,40,7.4,250773
41,11,1,19,41,6.3,123344
28,0,4,7,40,8.1,34519
58,32,1,40,44,6.7,350745
28,4,3,6,36,4.1,69256
23,0,1,5,45,7.8,54871
23,0,4,2,46,5.8,51790
42,17,4,15,40,6.5,176000
26,0,3,3,53,9.2,38036
22,0,3,4,43,9.5,58124
43,16,1,17,35,6.2,141279
22,0,4,1,42,7.8,54266
58,30,3,15,43,6.2,328669
37,11,4,10,45,6.6,121728
55,29,3,37,42,6.2,324780
54,29,2,40,38,4.6,317644
43,22,4,26,38,7.1,235592
50,21,2,25,40,7.4,204650
28,0,3,1,40,6.1,38029
42,13,1,14,37,8.5,135450
56,28,4,33,39,6.4,333123
25,0,1,5,46,6.1,31116
33,10,2,10,51,7.7,129872
49,28,3,37,47,4.8,299185
51,23,3,29,50,8.3,242965
36,9,3,9,48,6.4,104220
50,25,2,18,47,8.4,252709
36,6,1,8,41,8.8,65197
32,5,3,3,44,7.9,99732
37,7,4,5,41,5.9,83200
36,12,3,20,42,5.2,162496
32,3,2,5,43,5.0,43073
28,0,4,2,47,8.5,30547
40,18,2,26,45,6.8,209055
23,0,3,7,42,6.2,36130
36,7,2,14,43,6.8,94266
50,25,2,14,45,8.5,243582
43,22,3,26,46,8.1,242853
48,21,3,20,35,7.6,204500
60,30,2,32,38,7.9,328063
25,0,2,2,49,7.3,38963
40,16,1,9,43,7.4,158813
60,31,3,18,41,7.3,344818
21,0,2,0,42,7.0,41593
50,27,1,19,42,8.1,282753
41,15,3,25,46,7.5,171192
40,10,3,5,37,5.8,99826
26,0,3,0,43,7.7,48791
42,17,3,13,44,7.3,177823
38,16,4,28,45,7.9,188810
28,0,4,0,44,6.9,48623
59,29,3,27,46,8.1,311981
52,30,3,35,40,6.9,354755
53,26,2,14,38,8.0,263388
36,14,4,17,55,6.4,164840
32,6,2,10,41,6.5,80196
58,33,2,19,42,7.8,365643
54,30,2,28,46,6.5,330120
34,7,1,3,51,10.0,91191
56,28,4,26,40,7.8,332225
53,29,3,34,38,7.0,285140
43,22,3,23,37,8.1,251172
22,1,3,1,51,6.3,61003
41,20,2,10,38,8.3,177620
22,1,1,11,43,8.3,65851
47,22,3,11,38,8.8,241012
29,5,3,9,36,6.4,80491
21,0,2,0,42,5.3,22000
31,8,3,5,38,6.1,99492
23,0,2,2,40,6.6,50486
43,15,2,13,53,9.3,158534
46,20,1,29,45,10.0,223044
24,0,2,3,48,7.5,41262
38,17,3,17,47,7.0,193935
26,0,3,0,42,6.5,35888
55,25,2,31,41,8.2,264589
42,19,3,20,44,10.0,210708
35,7,3,6,44,9.5,80410
42,18,2,23,40,8.6,191347
57,29,1,18,44,8.6,306485
32,11,4,12,39,8.2,140480
58,35,3,24,42,6.9,397937
38,12,4,13,41,6.0,117479
55,26,2,29,37,7.0,292357
50,28,3,39,31,7.6,330884
44,23,2,38,38,5.0,247511
50,20,2,16,52,6.8,198977
34,11,3,12,41,5.8,114481
26,2,2,0,47,8.4,53058
23,0,1,3,32,6.2,35394
36,13,2,21,38,7.5,139506
27,0,1,0,36,6.0,22000
34,12,3,20,42,9.2,157036
29,7,2,4,55,4.6,87687
35,8,1,7,45,7.7,80592
41,12,1,15,51,5.2,129786
55,25,1,31,42,6.3,262542
22,0,3,6,50,7.3,42133
47,20,1,12,53,7.4,215141
22,0,3,5,42,7.3,47519
55,28,1,30,40,7.2,292421
38,15,2,12,36,6.1,147048
34,7,4,9,41,6.8,99597
40,19,3,24,43,7.0,205714
38,8,1,8,53,7.3,96103
30,9,3,11,37,6.9,118072
45,20,2,17,43,8.0,190329
22,0,3,0,34,7.1,22131
45,16,3,25,41,7.3,187884
53,26,3,18,45,6.5,305400
56,32,4,25,46,5.5,372638
51,27,2,42,46,7.2,326071
34,12,3,16,45,8.7,136398
21,0,2,0,46,7.6,34555
36,12,1,18,43,5.9,132068
23,2,1,6,38,8.1,64234
55,27,1,13,34,6.5,248501
26,3,3,3,40,8.0,59491
45,19,3,14,42,6.5,196006
33,9,3,7,49,7.5,101234
54,25,1,33,42,6.3,255553
28,1,2,6,42,6.3,57447
41,12,4,20,45,4.8,145256
54,24,2,21,42,7.7,260841
24,1,3,0,47,7.5,54152
45,24,3,38,53,7.6,267001
35,10,3,17,54,7.4,132827
24,1,3,4,43,5.9,36085
32,6,3,11,45,8.4,87869
52,24,2,20,51,8.4,244225
52,28,4,34,42,5.9,310559
48,23,2,32,46,7.7,252896
33,8,2,19,37,8.2,98820
51,27,1,21,41,6.3,263442
34,10,3,8,49,6.6,129254
40,16,2,19,39,7.7,166945
38,14,2,10,42,4.9,131375
49,25,2,31,35,5.5,248811
26,1,4,0,53,5.6,28276
52,30,3,28,49,4.5,327485
49,27,3,25,44,8.5,282021
22,0,3,0,46,4.2,44444
43,21,2,23,45,7.5,222634
39,13,2,15,50,8.1,164260
51,29,4,27,40,6.6,327727
25,0,1,0,47,6.1,28030
39,15,2,8,48,7.3,131090
54,27,2,22,49,7.0,297379
30,3,2,10,32,8.4,46673
45,19,2,26,40,3.3,187012
22,0,3,3,38,5.7,58289
31,6,1,5,44,7.8,85282
51,30,3,35,33,7.1,339278
35,12,2,15,33,8.1,140232
29,0,2,5,54,7.4,60835
43,22,1,31,46,6.8,250961
39,14,3,13,44,6.6,143004
29,7,2,9,45,10.0,92830
55,31,3,36,44,9.1,347541
41,20,3,18,48,7.7,215358
29,6,3,9,40,7.1,82573
48,18,2,14,44,7.8,164301
27,0,2,0,44,8.2,34853
36,6,2,9,38,7.6,98399
36,13,3,9,49,5.9,141931
53,29,2,38,41,9.5,335895
24,2,3,8,48,7.3,61163
24,1,3,3,44,9.8,34265
59,30,1,30,51,7.3,323106
60,37,1,36,38,6.7,425390
37,12,3,21,38,8.9,128632
57,35,2,20,38,7.4,391264
59,35,1,24,44,7.2,359278
49,22,4,18,51,5.3,238412
56,29,2,19,51,7.9,318694
58,35,4,32,31,6.3,399505
59,34,3,47,44,6.4,430300
57,36,3,50,30,6.3,417492
55,25,2,15,47,7.6,252509
27,0,2,5,49,4.9,43654
47,17,3,22,43,6.7,175750
48,27,1,33,43,8.4,273194
42,17,2,17,43,5.3,158628
34,4,2,1,39,7.2,70206
27,0,1,0,45,6.1,32091
57,36,2,31,42,6.4,425254
42,21,3,31,48,9.3,235765
25,1,1,8,42,4.7,51176
22,0,1,0,39,8.1,43880
47,25,3,19,35,6.3,254826
41,12,4,14,34,6.3,122224
58,29,2,33,50,5.4,296528
35,13,1,22,41,8.1,149107
41,12,3,4,45,6.7,140789
30,4,4,5,52,6.6,56271
43,15,3,20,40,7.2,160055
59,29,3,33,40,6.8,315227
25,1,2,7,42,4.2,49546
21,0,3,3,43,6.3,38256
33,11,1,14,52,8.3,141826
41,12,3,17,51,4.9,131347
46,25,3,33,46,5.5,260863
41,14,4,25,50,6.4,162024
38,15,2,24,42,6.0,156697
57,34,1,19,44,7.0,368003
52,30,3,22,41,5.5,319068
56,26,3,21,37,6.5,280241
37,11,3,17,49,6.9,122374
55,25,2,36,46,7.9,274014
31,9,2,12,43,8.7,100390
41,11,3,9,43,6.6,111150
46,22,2,28,35,9.6,252398
24,0,3,5,38,6.7,33818
54,25,2,22,45,8.2,261729
38,9,3,7,40,9.7,122915
60,34,3,39,42,7.2,403830
55,31,3,28,42,5.1,360504
49,22,2,29,40,7.1,239994
49,28,3,30,38,6.1,298545
58,34,2,22,35,6.6,391746
41,16,3,23,42,9.8,190595
33,5,2,5,46,5.3,67644
37,15,2,17,35,7.4,155740
29,4,2,3,43,5.8,63461
21,0,2,1,44,6.6,36708
22,0,4,3,38,8.0,29640
49,20,1,34,50,7.4,237521
53,23,3,21,41,6.7,243538
30,9,4,16,42,6.1,116052
60,37,1,34,42,7.4,439878
41,19,3,9,34,9.4,187131
48,25,2,27,48,5.7,273266
31,1,1,10,38,9.7,45342
54,25,2,33,42,8.7,278852
28,0,4,5,46,8.9,56518
42,12,1,22,50,7.4,146727
28,6,3,5,38,8.6,98008
35,12,3,11,41,5.6,120656
37,13,3,19,50,6.1,165500
43,14,1,19,45,8.1,167990
44,21,3,24,46,7.4,226360
39,12,3,15,38,6.8,132431
25,2,3,3,41,3.5,39428
52,25,4,26,42,6.4,273035
21,0,3,6,39,5.4,26058
43,14,1,19,35,7.7,153470
57,35,2,30,40,6.7,365446
28,2,2,7,50,6.1,48835
33,4,2,2,43,10.0,70406
28,6,2,4,50,8.5,100728
43,21,2,13,44,8.5,209237
21,0,2,0,39,10.0,49834
44,14,4,16,49,8.1,162778
55,25,1,35,44,5.9,275341
44,14,4,16,48,5.8,162007
37,9,2,14,38,8.4,118223
25,0,3,0,48,4.1,30042
40,18,3,26,48,6.9,188582
41,16,2,14,44,4.0,161786
60,33,2,47,39,7.1,372507
51,25,2,40,43,8.2,280564
56,30,2,46,46,7.4,347407
31,4,4,9,44,8.3,93903
35,12,3,13,46,9.8,151749
39,16,1,20,48,6.8,158228
27,0,1,2,40,10.0,30960
48,19,2,21,37,7.3,216649
25,0,1,0,43,8.3,22000
25,0,3,2,41,6.1,34420
50,24,1,38,47,9.3,273433
52,22,3,21,38,8.5,255725
28,7,1,13,48,9.1,94264
30,0,2,1,50,7.1,44128
58,37,3,48,43,5.2,429060
52,28,2,25,43,7.6,302029
48,26,4,41,39,4.6,281288
37,10,3,16,40,6.5,108647
51,29,2,30,41,7.3,324177
28,0,1,3,50,10.0,45347
60,38,3,35,43,7.4,459357
45,20,4,29,36,7.2,221808
29,5,3,3,44,6.9,57474
22,0,1,0,47,5.1,48270
35,11,4,9,43,7.1,110956
23,0,2,3,50,7.1,38279
56,31,3,18,47,5.6,333664
24,2,4,5,38,5.3,64690
34,6,2,14,40,6.3,76812
45,23,4,33,44,7.1,251719
30,1,2,9,35,6.4,48582
41,12,4,16,45,5.5,135402
56,33,2,41,34,7.4,365901
32,8,4,6,48,7.8,107638
47,19,1,15,48,7.2,176247
60,31,3,16,46,6.2,314698
22,0,3,0,40,7.8,67565
33,8,2,6,44,6.7,94260
52,24,2,24,40,5.3,248900
51,28,3,38,38,8.5,309166
36,9,2,8,41,7.5,113182
52,24,3,29,46,6.8,257928
52,22,2,34,43,4.8,200766
54,31,4,17,50,6.0,338686
31,9,1,12,47,9.8,107363
30,0,2,6,46,4.9,38509
35,8,2,13,35,6.6,91822
37,8,2,15,42,7.0,92671
60,39,2,25,38,7.4,433812
38,15,2,20,42,4.9,151274
29,4,3,6,40,7.2,49034
45,22,3,15,41,4.6,199219
60,39,3,50,48,7.1,478607
34,7,1,14,45,6.1,89767
45,18,3,18,48,5.8,201753
42,12,1,17,35,8.2,124423
50,22,3,28,43,6.7,225686
40,15,2,13,48,7.7,135624
41,11,2,9,51,7.7,113198
52,27,2,26,35,8.8,293670
41,16,3,9,41,5.3,177257
55,34,1,39,48,8.3,384589
52,22,3,22,42,7.0,220597
50,25,1,19,38,6.5,238341
59,33,3,21,35,5.4,347966
32,11,4,17,38,7.8,127918
38,11,2,22,35,5.7,135381
41,20,2,21,43,7.7,224387
33,11,4,15,47,9.7,138273
41,19,3,20,37,8.4,205877
28,3,2,3,44,8.9,53989
60,30,3,13,47,6.0,299631
27,0,3,3,43,8.1,68160
43,22,1,23,35,5.4,188320
52,22,3,41,45,6.7,230030
31,10,2,15,43,9.4,143107
42,21,1,35,42,6.1,221699
42,16,3,20,40,8.6,163549
45,23,2,36,43,8.4,263652
42,21,1,19,46,8.5,225177
48,22,3,23,55,5.2,222018
49,27,4,36,44,7.7,306576
33,7,4,0,51,6.8,102135
38,8,4,5,45,8.5,94637
22,0,3,0,43,4.7,39036
49,27,1,43,44,7.5,314338
41,12,2,14,37,7.3,99340
35,7,3,7,45,4.2,80515
47,17,2,22,33,5.8,175440
51,30,3,20,39,4.4,296595
35,8,3,5,44,6.0,87695
43,13,2,10,49,7.8,152594
44,18,4,20,50,7.3,194638
33,7,3,12,42,7.2,77048
42,16,2,14,44,5.5,174700
57,31,4,18,48,8.6,357174
53,23,2,27,36,7.0,239984
23,0,1,3,45,7.0,39369
39,16,3,21,39,8.3,188999
43,17,3,23,42,5.6,185944
49,26,3,20,41,7.3,285857
50,23,3,40,45,7.6,255889
59,32,3,27,46,6.2,334602
45,17,2,8,47,7.9,180113
57,35,3,50,45,7.7,433761
28,0,4,2,44,6.9,42855
36,11,2,10,52,6.8,133633
28,0,1,9,35,7.7,38377
21,0,4,1,51,8.1,50112
25,0,3,1,42,7.1,63029
23,0,4,2,46,8.6,47302
21,0,4,7,41,7.9,46593
24,0,3,0,39,4.5,22000
60,38,3,33,45,5.0,449931
55,26,3,42,48,8.7,295292
52,30,1,45,45,6.7,334667
54,31,3,27,40,7.2,340430
45,15,3,13,60,8.6,166700
30,8,3,13,49,7.0,104437
41,18,3,25,48,7.1,199910
59,33,2,40,41,5.8,384273
47,24,1,31,40,7.5,269983
47,17,2,9,42,7.8,178559
22,0,1,0,48,6.2,52759
33,7,2,5,38,5.7,89950
29,2,4,9,38,10.0,73705
56,35,1,28,46,6.9,400812
42,19,2,26,45,6.0,185458
46,23,3,21,39,8.0,237836
32,10,3,14,38,6.9,106099
37,10,1,8,50,5.5,101733
34,5,3,10,45,7.7,90581
34,10,3,10,36,5.8,95419
54,29,2,48,37,9.2,339094
40,17,2,13,41,7.7,166355
31,2,4,2,47,6.6,53655
36,12,3,19,46,7.2,143315
51,26,3,19,49,8.3,303935
26,5,1,7,36,7.3,59552
39,17,2,19,44,10.0,184789
57,28,3,23,50,8.6,299111
24,2,2,8,50,7.7,53387
24,0,2,5,45,5.7,28152
40,12,3,15,55,6.8,143947
30,7,2,9,46,7.7,97204
44,18,3,29,48,5.8,208795
55,31,3,36,43,8.8,348316
46,19,2,27,39,5.6,204105
57,27,3,21,39,6.1,288017
58,35,1,50,44,6.2,398607
41,15,3,9,42,8.0,143253
60,30,1,41,34,5.9,323839
59,30,1,48,38,4.5,328669
41,11,3,12,41,8.5,128831
30,9,2,14,47,6.4,112561
58,35,4,31,43,5.5,414735
24,2,2,6,43,5.9,39174
40,12,2,13,38,9.4,130350
37,10,3,7,43,6.1,116689
27,5,2,9,50,6.8,75429
24,0,2,5,44,6.4,53963
49,26,3,38,35,5.3,286492
34,6,3,8,37,6.0,55601
23,0,3,2,46,5.2,50173
44,21,4,25,42,8.3,235035
57,27,2,28,43,7.1,268813
36,7,3,7,40,10.0,93583
24,3,2,0,46,6.0,39540
44,19,3,15,41,5.8,203968
54,31,2,32,42,9.1,346000
50,24,4,22,39,8.5,254565
38,8,3,10,48,7.5,113780
39,17,4,14,42,5.4,185022
51,22,3,32,46,9.4,248831
39,13,4,14,37,6.9,129343
39,12,3,9,52,6.4,123300
42,17,2,19,49,8.6,174461
44,15,2,24,33,7.0,167958
32,11,2,7,39,5.4,90259
50,25,1,28,45,7.1,260983
58,28,3,27,36,5.9,298697
51,25,3,27,42,2.8,274276
56,29,3,37,45,5.8,329423
39,15,4,13,42,6.3,168623
56,35,4,31,46,5.4,401346
50,22,1,32,40,7.8,217568
53,23,2,30,32,5.9,234704
38,14,2,20,48,7.7,165536
48,25,2,31,48,5.3,277099
31,4,3,7,56,8.3,75213
53,31,3,42,32,5.2,337631
37,9,3,8,47,3.7,87050
26,0,3,5,33,8.7,43260
24,0,3,2,52,5.8,46239
40,15,1,10,45,9.5,172128
47,18,3,23,38,7.8,196930
35,10,2,11,47,8.1,124265
26,1,2,8,40,8.5,44164
34,11,1,8,45,7.2,115100
31,10,2,19,44,7.2,121631
59,37,2,29,52,8.8,426364
29,1,2,0,52,7.2,49218
46,25,3,21,40,6.0,265265
36,9,3,15,48,7.8,122202
25,0,2,0,45,4.0,46729
30,7,1,12,36,8.8,61753
23,0,3,5,40,8.9,62265
33,4,1,4,55,8.7,51960
50,28,4,18,45,8.6,316245
26,0,3,3,48,6.9,74468
37,8,2,9,42,6.9,94550
39,16,2,15,40,5.3,161640
55,33,1,24,43,9.4,354697
46,19,2,24,42,6.3,206717
25,0,1,4,36,7.5,42497
49,24,3,21,38,7.4,246917
57,27,1,39,47,5.1,287968
40,15,3,13,41,4.6,139129
41,17,3,6,43,7.0,170533
30,5,2,4,44,6.4,65368
25,1,1,7,45,6.9,50438
56,30,1,48,49,8.5,333431
26,2,1,4,38,7.3,46517
46,24,3,21,46,8.1,260885
24,0,2,1,47,7.6,44491
59,37,3,45,48,6.6,446301
59,30,2,39,36,5.6,326060
55,25,2,33,44,7.4,263310
21,0,3,1,52,7.1,47985
44,15,3,13,43,8.3,160654
56,27,2,18,45,6.8,294096
26,3,1,6,47,6.6,72929
51,30,3,40,38,6.7,323885
40,19,2,28,52,5.7,213016
44,21,2,25,45,9.0,237543
45,20,3,26,46,8.6,207650
56,33,2,19,35,5.3,355014
41,12,3,9,47,8.1,145911
50,21,3,19,46,4.4,206214
44,21,3,22,51,8.4,229824
50,27,3,33,41,6.0,299846
42,17,3,6,38,7.5,177555
48,26,3,41,40,4.3,276099
27,1,3,6,40,5.3,60094
55,28,2,45,37,7.7,290408
48,19,2,21,49,6.0,214795
34,8,3,7,50,5.8,104853
30,7,3,18,42,9.0,96999
36,11,1,19,41,10.0,139323
36,12,4,12,34,8.3,123496
51,26,1,27,46,5.5,269679
45,17,3,15,51,9.5,192722
33,5,3,5,40,4.8,71184
26,0,4,5,42,6.6,36273
29,8,1,8,45,7.1,86617
56,28,3,25,52,9.7,319021
40,12,2,18,44,8.3,128729
38,16,2,13,44,6.4,165787
41,17,1,26,44,5.7,168320
24,2,3,3,36,8.4,67110
53,29,2,33,36,6.3,331312
47,17,1,17,39,7.3,165970
27,0,3,3,48,5.1,52743
26,0,3,0,41,7.8,39852
35,7,3,9,40,7.7,81323
38,9,4,11,40,5.3,101491
52,24,2,33,42,8.4,264237
31,9,4,10,52,7.8,96557
40,13,3,6,42,8.0,145708
44,22,2,8,39,6.5,215382
35,13,1,15,43,7.3,147527
27,3,2,9,52,7.1,75458
41,20,2,18,40,6.8,205139
46,21,3,16,37,7.2,213290
34,8,3,8,40,8.8,119874
57,28,3,26,44,8.5,337388
41,11,3,16,46,5.3,121440
38,10,1,19,48,8.4,133458
25,3,3,7,38,8.7,57719
23,2,2,9,38,6.8,47598
43,21,4,33,41,7.7,236605
46,19,1,20,46,7.7,203406
57,33,4,24,37,5.8,357941
44,14,1,18,40,6.5,161390
39,14,2,16,40,8.1,161064
45,18,1,15,48,6.3,186958
41,18,3,13,46,8.4,188924
32,2,3,5,48,8.8,73764
53,31,2,27,50,8.6,309922
24,0,4,3,41,9.8,57441
27,2,3,10,37,6.9,59731
42,21,3,34,37,7.2,210225
53,32,3,36,34,7.4,367135
37,8,2,9,41,6.9,101651
44,19,2,14,41,7.8,171215
54,33,4,26,47,4.6,360299
48,21,4,21,43,7.3,255813
59,30,4,37,41,5.1,340664
42,21,4,26,42,5.7,242498
37,7,1,11,38,8.0,100612
54,30,3,38,48,6.7,348377
26,3,2,8,39,8.0,75267
26,1,4,0,37,6.7,22000
54,27,2,28,47,8.5,292784
21,0,3,6,46,6.7,22000
30,8,3,10,34,4.3,68097
41,14,2,9,47,7.3,138808
25,4,1,5,39,4.0,45605
22,0,4,6,41,5.0,43197
42,14,3,12,44,5.8,147132
22,0,1,0,46,5.6,36605
30,1,3,1,45,6.2,48807
54,33,3,37,43,5.5,379995
36,10,2,12,41,5.0,95491
59,38,2,50,45,9.2,448862
42,19,3,8,42,6.1,189787
32,6,3,9,52,3.9,81904
44,21,3,11,46,6.5,203077
60,32,3,42,38,5.4,377339
58,33,1,37,41,5.8,368168
30,8,2,6,43,8.0,85443
55,31,2,33,49,6.4,341530
52,23,2,37,50,5.4,276424
27,3,3,2,41,7.6,62627
41,11,4,19,38,8.6,141238
40,10,2,13,38,7.8,106043
46,18,2,15,44,3.6,171953
24,0,3,8,55,5.4,68336
42,12,3,19,46,7.1,142020
35,14,3,21,35,6.7,151929
60,33,3,34,39,6.5,374042
41,18,3,23,40,5.6,221495
35,5,3,9,39,5.0,72228
42,14,1,14,41,9.8,138179
48,25,2,21,45,7.0,254186
34,13,2,20,46,7.9,156679
47,22,3,17,48,7.0,216768
60,38,4,35,46,7.1,463547
48,24,3,34,33,6.9,253644
46,25,1,35,38,5.4,237445
22,0,1,2,42,4.9,22000
45,19,2,21,44,7.5,200490
23,0,2,3,47,7.3,61242
28,4,3,6,43,8.3,83990
53,24,4,32,43,8.0,271376
55,33,4,35,44,5.9,395606
26,0,3,4,42,8.6,44019
59,34,3,45,43,8.1,385082
43,17,3,26,49,8.0,194713
45,22,2,33,43,10.0,228279
39,15,3,8,43,9.9,172047
25,0,3,3,43,8.0,56121
31,4,3,8,49,7.8,65920
32,11,2,18,37,8.5,128277
30,3,2,7,52,6.2,65843
28,7,2,7,37,6.2,92614
44,19,4,14,40,7.9,189509
48,22,2,28,47,5.8,240794
56,34,3,25,48,7.8,371629
57,27,3,38,36,7.2,311686
41,12,2,14,38,5.8,137552
28,0,3,0,44,7.0,33865
29,3,4,7,55,8.8,92320
35,8,2,21,49,7.1,90372
60,30,4,25,42,7.1,351395
38,10,2,11,31,7.5,124661
40,10,1,15,43,7.6,117200
26,5,4,6,45,6.5,76704
32,4,3,5,41,7.5,72929
22,0,4,0,39,5.5,30605
27,0,3,6,44,5.9,75746
36,8,4,0,38,6.1,83652
23,0,3,1,52,7.7,64309
23,0,3,0,51,7.2,37005
47,23,3,16,46,6.8,261462
60,38,2,50,43,8.0,477708
58,36,4,30,40,7.5,427722
53,28,2,24,43,6.6,300600
48,18,3,27,51,5.6,188371
21,0,2,0,47,5.9,25542
28,5,3,6,44,4.9,75025
57,29,2,26,48,7.2,332358
52,28,1,25,46,5.8,283692
57,31,4,27,45,6.3,378735
24,0,2,2,48,6.8,35578
50,24,3,30,46,8.5,272183
26,3,1,9,47,8.3,68704
39,14,1,18,44,6.9,144572
52,29,2,19,42,8.8,285384
29,8,3,12,40,4.2,86071
32,5,1,2,40,9.6,73996
31,7,4,13,35,8.0,96518
36,9,2,15,38,7.1,113494
21,0,2,5,38,5.8,47032
41,16,2,27,40,6.4,169549
50,25,1,39,51,7.9,264351
33,11,3,21,42,7.9,152840
54,24,3,22,44,7.9,243864
24,2,3,4,44,6.0,46816
48,24,2,36,51,5.7,253310
58,34,2,30,40,7.3,387067
51,27,2,36,42,8.1,314654
47,21,4,18,42,7.0,225156
25,3,2,4,49,9.1,70167
45,19,3,26,50,7.0,216925
23,0,2,3,45,7.0,64398
53,23,2,41,49,7.9,240177
24,1,2,0,44,8.7,58161
45,17,1,10,42,5.1,164108
40,18,3,11,49,5.4,180300
54,26,2,38,45,6.6,290695
46,21,3,17,39,10.0,235300
25,3,1,4,48,6.6,64918
55,28,4,29,42,6.8,341792
48,26,2,18,41,7.9,272560
49,23,4,19,47,8.4,256013
29,0,3,3,43,7.2,42274
58,35,4,50,45,8.6,437936
26,0,2,4,46,5.3,39465
39,16,3,23,39,5.9,172519
31,8,2,13,45,8.6,104424
22,0,2,3,50,7.0,43635
29,2,2,3,38,5.2,38246
41,13,1,12,45,5.1,133487
44,17,4,10,39,5.9,172449
54,25,1,18,48,7.0,261664
42,17,3,20,48,7.7,189439
23,0,3,3,41,6.5,37061
32,9,3,9,54,7.5,132358
48,22,3,22,49,6.4,235932
50,25,1,33,47,8.7,278274
46,22,3,13,46,10.0,228610
41,19,2,26,48,6.5,179604
48,21,4,13,38,7.7,215936
46,21,3,38,44,7.6,215111
53,29,4,15,45,7.2,316008
41,13,1,19,41,7.9,157044
55,26,2,15,45,7.7,259117
54,25,2,33,49,6.3,247227
38,15,1,13,41,8.8,171253
31,8,2,12,43,7.3,93406
43,18,3,21,39,6.5,190811
42,17,2,13,34,10.0,185109
37,7,3,8,47,6.8,99238
25,3,4,3,43,7.4,73796
31,10,3,15,43,7.2,130855
50,22,2,14,38,6.8,198747
35,12,2,18,42,7.6,117728
47,26,2,33,48,5.8,296084
55,34,1,32,43,7.8,364859
53,31,3,30,43,4.5,333438
40,14,2,22,44,5.2,134506
36,10,3,17,37,9.6,119891
54,31,3,50,46,5.2,357568
22,0,3,3,37,4.3,22950
55,33,2,29,38,5.3,345423
60,38,2,37,38,9.4,447334
48,21,3,13,42,4.5,201068
59,38,2,50,41,5.7,439534
26,0,2,0,43,5.0,22000
29,8,2,8,38,6.6,114718
40,14,1,14,48,6.4,154442
21,0,3,0,47,6.3,35712
28,0,2,1,42,9.6,35261
43,17,3,25,41,5.3,182991
23,1,2,1,40,6.9,43382
24,0,3,4,41,7.5,29738
45,20,3,22,36,5.6,177294
58,30,3,18,38,7.7,317837
35,7,2,7,47,6.4,68890
41,15,1,7,45,7.5,148957
55,33,2,30,51,6.8,371297
34,6,3,11,42,4.1,67681
56,30,3,30,41,8.8,332185
32,6,3,7,41,9.9,111117
37,9,1,13,41,6.8,110392
59,38,3,50,40,5.7,449923
29,7,2,10,44,9.1,122954
55,26,3,23,43,9.6,273047
33,5,2,0,40,6.8,56248
35,8,3,3,49,6.7,95274
38,11,1,6,52,6.9,97278
53,28,2,25,49,4.7,317744
26,4,3,7,46,6.6,73328
47,21,2,16,47,9.4,212601
43,13,3,11,52,6.8,149823
47,24,3,14,47,5.5,250583
54,30,3,40,40,7.7,340194
58,28,2,37,45,6.1,293458
34,12,2,11,46,6.9,111765
56,34,3,29,38,5.2,405572
28,0,2,0,42,5.5,22000
55,27,3,19,49,8.0,315086
39,9,2,12,34,7.2,91423
50,24,2,42,37,5.9,271590
34,9,2,18,42,7.2,116245
40,12,1,17,45,6.1,135225
45,21,2,31,36,5.9,229364
60,36,3,44,42,8.6,410721
44,19,3,16,49,8.1,197414
34,13,2,21,43,7.0,127993
46,25,4,14,48,7.2,273772
58,36,3,40,40,7.0,405780
43,15,4,15,39,7.7,142127
42,15,3,16,47,5.9,158500
39,9,3,10,45,8.2,85171
23,0,1,5,37,7.5,42605
39,14,2,11,39,6.6,126218
29,7,1,7,51,6.3,75853
48,21,3,20,38,8.2,196595
40,12,2,18,48,6.8,155501
27,0,3,3,41,6.0,22895
34,7,2,12,43,6.5,85782
29,4,3,1,44,8.1,47279
39,17,1,26,32,4.7,157162
34,8,1,8,36,6.5,107592
58,34,2,27,43,8.5,383630
56,26,2,27,39,6.8,266246
60,38,2,50,48,7.4,454150
37,8,3,8,35,8.5,91623
50,23,1,18,46,8.2,233711
29,3,2,3,36,6.4,62236
53,28,3,25,41,6.8,300777
45,22,1,25,38,8.3,229280
34,4,4,5,53,8.3,82938
31,1,4,2,36,6.9,43276
55,31,1,22,42,6.9,315819
34,11,2,9,34,7.4,108328
50,22,2,32,51,8.9,255140
24,1,3,3,45,8.5,63549
24,0,3,0,44,8.0,30746
48,21,3,15,50,5.5,215828
28,1,3,3,44,6.6,39875
22,0,1,3,44,6.7,48899
42,20,3,25,44,9.0,217296
36,6,3,4,46,6.7,108321
49,26,3,35,41,8.8,297225
50,20,4,25,42,6.2,234934
32,3,3,7,47,6.3,52525
55,32,2,19,44,7.7,345741
31,9,2,8,42,9.2,114554
41,12,2,7,36,6.7,107700
41,11,1,14,50,3.4,112944
25,0,4,3,40,4.8,51772
40,16,1,17,48,7.4,161421
57,28,3,19,44,4.9,286179
23,0,3,3,37,5.8,59586
53,26,1,21,49,7.0,254389
29,2,4,1,44,3.6,49841
29,1,3,10,50,6.5,49111
24,0,3,0,42,5.4,25658
55,31,2,42,47,4.9,355830
37,14,1,19,34,5.9,136674
54,31,2,34,40,5.5,343001
44,19,2,13,37,7.7,163298
52,31,3,42,41,8.7,367247
21,0,4,0,45,6.5,34703
28,5,3,12,40,6.2,55254
43,17,4,21,47,6.4,213087
60,37,3,50,39,5.4,446972
32,7,2,9,47,5.2,89077
32,3,3,1,50,4.7,72093
35,13,2,24,48,5.1,147681
39,17,3,16,41,9.3,175627
46,20,2,20,32,6.0,197300
49,23,1,12,46,2.9,208330
42,14,3,13,42,6.2,142226
60,38,3,50,38,4.8,437008
41,12,4,17,40,7.1,128680
58,36,4,28,50,6.9,435625
40,19,1,19,37,7.1,192325
49,19,3,14,45,6.9,192794
24,2,2,6,44,6.5,42014
27,0,3,4,41,5.0,33935
48,20,3,32,46,6.9,204444
48,23,2,18,51,8.4,245680
24,0,3,4,42,9.5,61896
42,21,3,34,42,6.7,262514
32,6,1,7,46,6.8,64911
23,0,3,0,48,7.7,56496
42,19,3,25,42,9.1,203693
22,1,4,1,41,6.3,33799
44,20,2,34,32,8.0,202753
54,33,1,38,39,5.8,361009
47,19,3,11,37,7.5,182610
21,0,1,5,46,8.4,38968
28,7,4,0,42,5.2,77835
43,15,1,16,42,6.3,141170
58,29,3,45,43,8.3,328929
26,0,3,4,39,7.9,22000
42,20,2,17,51,8.5,213643
45,16,1,16,49,8.2,167812
38,10,3,0,51,6.5,99982
37,10,3,16,46,10.0,133725
32,9,2,12,43,7.2,122823
26,4,4,6,51,2.7,66233
46,19,2,29,40,6.6,218673
47,22,2,18,39,6.3,249208
28,2,3,3,40,8.1,86726
39,15,1,5,46,6.4,128691
21,0,4,9,39,8.5,38803
49,20,2,16,42,7.8,200167
55,32,1,30,35,5.6,338785
60,33,2,28,45,6.8,383500
34,6,3,5,35,5.9,82787
55,33,3,46,38,7.3,371211
40,14,3,5,49,5.9,136840
33,5,1,6,49,7.1,72746
58,31,2,23,45,6.6,316160
28,5,3,6,44,6.8,76364
40,19,1,28,40,9.9,190229
53,27,3,17,39,6.5,264451
46,18,1,18,41,4.3,161706
59,33,3,44,35,8.4,390132
41,16,2,21,44,8.4,179179
29,1,3,4,43,4.2,44420
44,22,1,23,38,6.0,231089
57,36,1,44,51,7.6,425327
37,16,2,23,46,7.7,177733
44,20,1,12,46,7.0,197097
41,15,2,12,41,7.0,154355
59,30,3,20,43,5.7,321578
59,38,3,31,46,3.6,410858
33,12,3,12,44,9.9,154336
31,6,3,7,51,5.6,88980
39,9,3,8,42,7.2,91384
31,6,2,0,40,6.8,89614
33,8,2,12,46,8.3,96030
21,0,2,7,37,7.2,41357
60,34,3,26,48,7.2,399063
39,11,2,9,36,3.3,108022
32,9,1,15,46,5.8,118815
28,0,3,3,40,8.0,40725
28,7,2,13,45,7.9,115794
32,8,4,6,48,5.7,90456
53,24,3,35,44,4.8,279241
46,18,1,23,37,7.2,155389
59,29,1,27,39,2.9,279838
48,19,2,29,39,5.4,202786
25,4,3,5,34,9.5,65875
28,0,2,7,49,9.0,52253
45,22,3,30,44,7.7,245210
47,17,3,27,37,7.4,173519
43,14,2,15,50,4.3,131069
50,29,1,27,39,6.0,303575
43,22,3,14,44,6.6,220364
40,11,2,20,39,6.0,139072
38,12,3,8,33,6.5,121007
38,14,2,26,36,8.8,166685
22,0,3,0,41,6.2,43714
24,0,3,8,47,6.5,41736
50,20,3,16,45,8.0,189536
53,26,2,23,44,5.0,283749
56,28,2,40,33,5.8,292013
38,10,3,6,49,6.0,107555
57,36,2,34,44,7.1,408320
39,11,2,8,42,6.5,114918
48,22,4,25,49,6.6,257914
60,36,2,32,49,6.1,408500
40,12,1,12,49,5.5,121962
53,30,1,41,42,7.9,343221
32,8,3,8,38,6.5,102058
35,9,3,8,48,7.9,101903
59,32,2,34,36,5.4,334834
22,0,2,0,53,6.1,32066
49,25,2,27,43,6.7,264809
30,3,3,6,38,6.8,45647
22,0,1,0,37,8.1,37839
31,3,4,8,37,6.4,61990
33,12,2,10,44,8.0,99390
30,0,4,0,43,7.5,27976
34,7,1,10,37,6.9,48361
38,11,3,14,41,5.7,118183
29,2,2,3,36,8.1,64688
59,32,1,21,46,5.7,312652
48,18,3,17,43,7.0,174983
23,0,3,1,41,6.9,39035
40,12,2,12,37,6.7,112085
26,0,3,1,41,6.5,27176
47,18,3,22,41,5.8,197599
22,0,3,3,45,4.7,33261
49,22,2,31,44,9.0,224809
58,31,3,39,47,6.3,330607
23,0,2,2,41,6.8,65901
36,7,2,5,34,6.8,93990
50,22,4,23,48,8.5,243500
60,39,1,38,38,9.7,451344
22,0,1,3,37,7.2,31188
37,15,3,18,43,6.8,169425
32,4,3,7,45,5.4,57379
55,34,2,41,40,5.0,375192
21,0,2,0,40,4.5,36915
35,5,4,5,41,5.9,92146
46,21,2,36,50,4.1,236227
57,28,3,35,43,8.5,333307
41,14,3,21,38,7.6,152781
51,23,2,33,38,6.6,238434
45,16,4,18,42,8.6,158179
43,16,3,23,44,5.5,174726
44,19,2,12,45,5.9,193559
58,33,3,24,44,4.3,358850
48,18,3,19,39,8.1,183980
41,15,3,22,41,5.9,178371
38,13,3,25,47,7.0,161932
56,27,2,35,37,8.4,312004
55,32,2,32,41,8.9,346707
29,6,2,7,46,7.0,73431
58,31,1,45,47,7.5,362638
50,23,1,21,42,5.7,228552
54,28,3,40,41,9.4,317171
52,29,3,34,36,6.8,316086
23,0,3,9,46,7.1,50667
23,0,3,6,50,6.4,60535
48,21,3,33,56,8.7,243334
35,13,2,18,45,7.3,153096
43,17,3,26,43,8.1,197319
60,32,2,15,38,7.5,328160
31,10,4,17,34,6.7,109450
52,28,3,39,44,8.3,316497
56,35,2,45,55,7.5,396258
53,32,3,48,49,5.7,369540
44,14,3,13,49,5.6,168391
59,31,1,20,44,7.2,324323
54,27,3,24,45,8.3,288513
48,18,2,12,31,9.3,203899
57,36,1,50,47,4.5,398883
27,5,4,9,40,7.0,68807
24,0,3,5,39,7.7,60154
57,36,3,26,41,7.4,419196
21,0,3,0,41,8.4,42339
21,0,2,0,39,7.9,49433
40,12,3,12,43,5.6,133067
39,11,3,9,40,5.6,103076
49,23,4,18,44,7.4,222069
30,4,2,10,36,8.4,63452
38,13,3,10,42,7.2,152619
48,19,4,27,38,4.8,201608
55,31,3,49,40,5.5,364181
51,21,4,30,44,8.0,243154
47,20,2,31,35,6.5,191178
31,10,4,21,39,7.2,122273
58,29,3,32,46,8.5,333937
25,0,1,1,36,5.3,22000
28,0,4,0,52,6.4,42250
54,25,2,25,49,6.3,270401
32,5,2,6,41,7.5,74222
58,36,3,41,39,8.1,437323
21,0,1,0,44,4.9,36854
51,21,2,28,36,7.0,209310
24,0,3,4,33,8.2,37069
25,2,1,6,41,4.4,45284
50,28,2,27,42,6.9,316021
44,18,1,17,43,5.3,170038
23,0,2,0,40,6.1,22000
31,5,3,7,49,3.5,76587
24,0,3,4,36,8.9,36983
46,21,4,25,37,6.5,214016
47,25,3,22,45,5.9,267076
47,19,2,30,37,7.5,215984
26,0,4,2,37,5.5,31663
35,5,3,9,44,5.4,81209
50,26,3,22,38,9.1,290993
57,31,3,49,42,9.5,379162
57,27,4,20,40,6.2,284833
57,29,3,42,39,8.5,321177
55,26,2,27,32,7.5,261363
43,18,3,23,44,5.0,200942
26,0,1,0,37,5.7,38759
24,0,2,3,42,9.2,35264
38,13,2,17,40,5.0,160102
29,2,1,6,42,10.0,46624
49,20,1,27,42,6.2,217044
33,3,1,3,44,9.2,79806
37,11,3,16,39,6.6,126577
52,26,3,31,49,8.1,284223
42,14,4,25,34,9.0,157175
24,0,2,1,42,8.9,41155
25,2,3,4,47,6.2,68930
57,30,4,49,45,5.8,342451
33,8,1,11,38,6.9,69055
54,32,3,15,39,5.2,345755
42,20,3,22,38,7.3,220129
43,17,1,14,46,5.9,190606
23,0,3,0,39,8.5,26562
54,33,3,26,44,6.2,367282
52,26,1,15,44,4.6,268792
41,19,1,21,55,9.0,205240
41,19,1,18,45,7.3,189645
31,4,2,9,39,7.0,76889
59,29,3,21,36,8.5,308087
24,3,3,3,42,8.2,73767
21,0,2,1,42,5.9,22000
48,21,4,27,32,6.4,210157
44,16,2,31,39,5.4,169547
55,28,1,39,44,4.9,268161
33,7,2,8,40,7.8,89516
54,25,3,24,48,7.5,253259
31,8,2,3,35,8.1,92849
56,30,2,16,46,8.8,323826
37,13,1,18,48,8.1,141754
55,33,3,16,48,8.2,372637
38,17,4,23,35,4.1,182870
60,39,2,34,45,6.6,448344
42,12,2,9,40,8.4,150022
44,21,3,37,36,5.4,235130
39,15,3,25,41,7.1,178263
57,35,2,48,38,7.7,419727
59,38,4,41,48,7.6,473508
41,17,3,32,46,7.5,221564
28,1,2,5,37,7.8,49722
48,18,3,29,39,7.3,199716
25,0,4,6,41,5.0,34905
37,11,3,15,43,7.7,126085
57,28,1,34,48,7.4,294145
56,34,2,33,46,5.0,386037
39,15,2,26,43,8.9,159502
47,22,2,29,42,7.7,237586
54,33,3,34,34,5.1,374665
31,3,3,9,49,5.9,68204
32,4,3,4,41,6.2,54329
41,15,4,27,51,6.2,186737
31,6,2,13,44,7.4,86006
59,31,3,19,53,5.6,305437
48,25,3,26,46,8.6,265700
25,2,2,2,36,8.5,68764
37,15,3,29,40,7.9,191712
40,15,1,20,42,7.1,161763
32,9,3,11,39,8.3,119189
26,3,3,4,41,6.6,50560
37,11,2,8,36,6.0,108158
39,11,3,10,43,8.7,142234
46,24,3,20,44,7.4,262291
52,28,2,23,38,6.0,293089
26,0,1,6,53,6.4,43358
56,35,2,49,43,6.0,420044
58,37,3,50,39,9.8,464224
31,1,3,8,35,7.0,57456
53,26,4,38,43,7.2,301835
44,17,3,21,42,8.0,182429
43,22,3,17,47,5.3,237476
35,14,2,14,42,8.5,136887
47,23,3,32,37,6.1,238915
31,6,2,8,51,9.6,74367
37,12,2,9,45,6.6,140873
34,10,3,13,42,8.5,112452
47,19,1,24,44,3.5,191938
38,11,3,13,45,5.4,121203
48,19,3,24,36,6.6,236850
24,0,2,3,44,4.2,40553
27,0,2,3,41,7.8,22000
55,34,3,33,46,7.4,406335
29,2,3,10,39,5.6,50914
28,7,2,7,40,7.0,83239
37,10,2,9,51,8.1,109130
37,7,3,4,49,4.1,86157
53,25,3,22,30,5.2,259790
52,23,1,21,49,6.5,226874
28,5,2,4,43,7.0,65302
39,15,4,22,39,6.9,171065
58,34,3,50,38,8.2,376567
23,0,4,3,38,7.7,28102
25,0,3,4,40,8.0,65840
33,10,4,8,37,5.1,113784
51,21,2,30,36,7.2,216681
36,11,3,21,38,6.6,108657
52,25,1,22,45,9.0,260524
42,14,3,4,43,7.2,155402
49,28,2,37,46,6.1,340130
42,20,2,29,43,8.2,240755
23,0,3,3,36,7.8,31807
30,8,3,16,45,5.8,97450
41,14,1,17,38,6.5,123282
36,7,3,10,46,6.5,83310
32,10,2,15,37,8.7,114246
22,0,2,0,40,7.3,34044
44,20,3,26,41,8.0,244455
55,33,2,33,46,6.3,352176
50,23,4,30,44,7.5,260749
50,25,1,10,43,8.8,224738
55,34,3,32,52,6.5,396101
39,14,3,11,34,7.2,128930
28,5,2,2,38,5.1,75682
46,19,2,21,38,5.9,189668
60,34,3,41,34,6.5,373956
27,0,3,5,39,5.5,22000
50,25,2,30,46,8.9,263206
27,5,3,13,40,5.8,80523
23,0,1,0,41,8.1,43808
21,0,2,5,34,7.3,33719
56,30,2,31,39,7.0,337460
45,15,1,17,41,9.1,143771
57,30,3,18,46,3.8,283275
21,0,3,0,35,6.7,40041
35,8,4,13,41,5.5,117221
57,34,3,49,48,4.3,414672
33,7,4,9,41,5.3,74922
60,33,3,29,32,7.0,360914
28,6,3,10,49,6.0,95446
25,2,4,3,47,8.3,55395
29,5,3,11,47,6.7,82965
21,0,1,1,34,6.5,23503
56,30,3,42,51,6.6,335227
55,34,4,50,39,6.9,399494
22,0,3,2,40,6.4,51569
60,35,3,30,39,5.8,395965
43,16,3,5,48,8.4,183073
29,0,4,2,42,6.1,48795
54,25,1,17,45,6.5,269978
34,13,3,17,43,7.6,156867
24,3,2,2,43,7.4,67572
50,27,3,30,38,5.7,291364
51,25,3,27,52,8.1,316210
58,36,1,20,36,7.8,388652
31,1,2,5,45,7.2,26549
55,34,3,41,45,6.4,399246
28,7,1,7,49,6.4,73402
23,0,2,2,50,6.7,55854
34,10,3,15,42,5.3,123510
33,12,2,8,46,6.9,124152
52,28,2,34,52,8.2,303505
54,31,4,42,43,8.2,370497
39,17,2,26,38,6.5,172255
58,29,2,34,41,8.5,330864
36,15,3,12,36,9.7,168622
22,0,3,7,45,6.6,82582
60,36,4,50,48,8.0,439999
37,12,4,11,42,3.8,124329
54,24,3,38,35,5.2,260623
36,11,2,16,48,7.1,125498
58,37,1,50,34,5.6,432365
22,0,2,2,35,9.9,40834
22,0,1,0,42,7.8,62169
46,24,3,16,44,8.4,263267
33,6,3,17,45,7.0,87381
51,25,1,20,43,5.6,241105
54,29,3,25,52,6.3,333670
59,35,2,38,43,7.4,400442
23,0,2,2,48,6.1,41259
28,2,3,1,47,7.9,50478
43,19,2,30,37,8.0,204823
34,9,2,8,42,7.0,93993
47,21,1,32,54,4.4,237041
49,24,2,26,40,9.4,267365
59,32,3,27,40,6.7,353763
59,30,4,32,44,10.0,350126
21,0,2,2,41,7.9,43256
37,10,2,17,39,6.7,114434
50,23,3,17,41,7.6,231167
33,9,4,17,50,4.2,91141
41,20,2,17,42,8.4,198278
39,11,2,14,36,10.0,124838
39,15,3,11,35,4.1,137746
45,24,3,18,54,6.6,268312
42,17,1,18,42,6.9,168140
51,23,3,14,45,8.2,266083
37,13,2,18,39,9.9,140372
43,15,3,19,45,7.5,168589
52,24,3,14,50,10.0,258114
30,7,3,10,40,7.2,97437
30,1,2,1,45,7.6,60619
56,33,2,40,36,7.5,379209
28,7,2,11,53,8.7,75430
40,18,3,18,44,6.4,196698
52,26,1,22,41,8.1,255919
34,4,2,2,42,5.3,54993
48,26,2,25,40,6.6,281502
44,18,3,22,41,6.1,178413
35,14,2,13,31,7.1,154131
42,21,2,27,43,6.6,218189
50,25,2,27,42,8.6,295701
24,0,3,0,45,5.8,40224
33,4,3,8,40,4.6,84444
43,15,3,23,39,5.1,175672
28,5,4,0,43,8.4,70367
38,15,4,12,35,5.6,140480
32,11,2,9,44,7.6,121494
51,28,4,42,34,6.6,315448
34,13,1,21,49,8.2,164827
54,26,2,15,46,6.7,265018
38,17,4,11,38,10.0,182865
54,29,2,36,46,9.7,311859
31,2,2,8,44,6.6,61331
32,5,2,6,38,6.4,55009
35,11,3,17,33,10.0,136919
51,22,2,29,45,5.5,239661
49,20,3,13,39,6.9,196004
46,24,4,33,48,7.0,287229
38,8,3,8,43,7.0,95301
52,22,2,23,40,4.6,205195
42,16,4,22,52,7.7,206133
58,34,2,28,46,5.6,364078
37,9,1,8,30,9.0,102925
43,16,1,23,41,5.0,166060
44,17,3,25,36,7.1,189530
28,0,1,4,39,3.9,35112
26,0,1,3,42,4.0,22000
25,0,2,3,45,5.8,60046
49,23,2,22,44,6.0,249535
48,27,3,31,48,9.1,312861
31,5,3,10,46,6.9,64854
21,0,3,5,46,8.8,39910
39,13,2,11,44,6.5,143049
29,0,2,6,49,7.8,25256
47,19,4,28,41,6.0,216164
54,25,1,25,42,5.9,238526
24,0,3,3,33,4.5,22284
56,28,2,37,48,7.5,296027
38,15,4,26,43,7.4,179453
35,7,2,15,58,8.1,117596
33,7,2,9,41,7.3,92776
39,13,3,10,43,9.8,152094
26,0,3,0,46,7.2,45416
32,9,2,8,37,8.4,110852
57,27,3,38,45,6.5,310715
37,16,3,26,43,5.7,143829
43,19,1,18,41,8.0,202616
46,16,1,16,49,6.9,173364
49,23,2,19,38,8.2,233662
53,23,1,37,44,7.5,224530
47,25,3,24,50,5.9,273960
45,18,2,28,39,8.5,200430
30,3,2,0,42,5.8,46974
43,19,2,28,55,7.9,214850
41,17,3,17,45,8.8,199672
41,20,1,22,40,6.5,229320
33,11,1,16,47,8.6,127663
57,28,1,34,40,7.6,303427
53,23,4,22,35,8.2,241855
44,16,1,15,50,5.8,154633
31,3,3,4,37,7.3,58017
37,8,1,12,55,5.0,109853
24,0,1,0,41,9.4,51827
45,16,3,25,54,4.2,200462
50,20,2,15,36,6.5,180517
29,7,4,10,48,5.7,79985
41,15,4,14,45,7.9,181775
40,17,3,18,47,9.7,208296
39,13,3,17,48,7.9,150698
39,16,2,20,41,10.0,122393
32,4,2,10,36,5.1,53088
57,33,4,38,43,5.2,388266
37,7,3,7,44,5.7,77067
57,31,3,42,41,7.2,359682
59,30,2,46,44,5.6,360883
48,26,1,36,45,5.9,293564
55,33,4,50,38,7.9,408397
38,11,2,7,45,5.3,112407
34,12,2,10,42,5.4,116464
55,33,1,16,40,6.4,351713
27,3,3,4,47,6.6,63205
33,4,1,13,39,8.4,72106
38,10,3,5,41,5.7,88185
57,35,1,44,43,6.0,384626
33,5,4,9,50,7.8,96372
56,32,3,48,44,8.1,365997
51,29,1,37,46,9.0,323478
22,0,3,0,42,7.7,47600
36,9,2,15,43,7.2,114261
29,3,1,10,43,7.8,70243
29,0,3,2,44,6.6,50133
58,33,2,38,42,6.6,363474
31,10,2,6,50,4.5,87538
42,20,1,28,41,8.3,200168
53,25,2,38,34,7.3,280509
56,35,3,44,57,8.1,408040
43,20,2,15,41,3.1,179913
54,32,4,30,50,6.9,359316
29,4,4,12,50,5.8,56148
44,20,1,11,48,9.1,187936
28,1,1,3,42,7.9,58405
27,2,3,0,44,7.3,45209
56,28,2,21,37,6.4,270123
38,14,1,17,53,7.6,145050
23,0,2,1,39,5.7,40927
48,24,3,38,42,6.9,248261
26,4,3,3,43,6.2,76670
41,20,1,31,42,10.0,200658
48,27,1,21,40,9.1,275794
60,32,4,38,50,8.5,377771
21,0,3,2,48,4.9,33613
56,31,3,44,45,8.2,362882
41,13,3,12,41,7.3,150393
55,28,2,29,48,8.7,308670
33,5,3,6,41,7.5,69182
30,2,2,4,51,7.0,62888
30,4,2,4,44,7.3,68897
33,3,3,8,49,4.5,54016
57,35,2,46,42,5.9,403158
58,32,4,26,43,7.5,357442
44,23,2,24,49,8.6,238371
22,1,4,4,54,6.2,65810
42,19,4,16,51,6.9,214514
37,14,2,15,47,4.8,153455
56,31,3,28,46,9.0,360182
34,13,2,12,40,8.6,128613
30,0,4,0,44,7.9,58365
55,29,2,25,38,7.6,306439
45,18,3,14,45,9.2,205951
23,0,2,1,45,5.9,36799
58,35,2,34,33,5.7,391208
37,13,2,21,43,8.5,152279
32,2,2,0,45,8.4,64258
44,14,3,17,43,5.3,130265
49,19,3,22,45,6.3,185213
45,15,3,18,36,9.4,174361
56,26,2,33,39,7.6,286306
46,23,2,19,48,8.1,233452
58,37,1,19,43,5.4,402062
21,0,3,0,45,7.9,27754
40,10,4,13,40,5.0,154521
48,18,2,17,43,4.2,194149
36,14,1,13,31,8.0,145258
37,16,1,12,47,9.0,165508
60,32,3,38,52,6.6,363535
48,21,3,19,38,6.2,202388
32,5,3,8,38,9.4,80034
47,23,2,33,45,6.7,239343
50,21,3,20,50,6.9,217093
54,28,3,44,43,9.4,311399
57,35,2,26,37,6.5,387646
26,5,3,14,42,6.1,75726
27,6,1,3,38,8.1,80421
52,23,2,32,40,6.0,250045
52,28,4,33,41,6.8,321544
45,20,2,30,38,5.2,240813
53,30,3,45,39,7.3,356484
27,3,3,5,43,7.1,47873
32,4,2,2,44,8.4,72965
36,12,3,17,36,8.2,136062
36,7,3,11,45,7.8,80912
56,27,2,37,41,7.6,280890
33,7,1,7,47,6.9,90878
27,5,2,9,47,7.9,88271
56,26,1,35,40,5.4,259295
29,2,1,2,46,3.7,54032
52,23,2,25,39,8.6,248029
31,5,2,2,50,7.9,89800
28,5,4,12,39,6.8,94975
53,26,2,30,45,8.5,282829
43,18,3,26,42,6.0,215127
45,24,3,27,38,6.0,243141
28,5,3,9,48,5.8,106934
42,17,2,15,40,7.8,164305
24,0,4,3,34,4.8,35574
60,37,3,47,30,5.9,427154
23,0,3,6,39,7.4,40979
49,24,2,31,50,5.3,292843
49,28,1,22,49,6.1,284417
54,24,3,32,39,3.9,266343
54,28,1,32,41,7.8,295895
48,20,2,20,41,6.0,215139
33,12,2,16,36,5.5,118220
35,13,3,19,38,5.2,143324
43,19,4,28,48,6.4,224144
46,24,2,23,46,4.8,239048
24,0,3,0,44,9.7,81743
46,16,3,23,36,3.7,173531
60,32,2,39,44,6.4,356638
29,1,4,0,31,7.1,35123
25,1,4,0,47,5.9,49591
52,27,3,28,44,7.3,283518
40,16,2,13,36,5.9,178668
31,2,3,8,51,9.1,73785
35,13,2,14,34,5.4,128904
52,24,2,35,46,3.7,267712
48,26,2,18,46,5.2,258122
42,21,3,33,37,7.5,218888
37,7,4,8,43,6.8,92858
46,23,2,36,35,8.1,252241
27,0,1,3,30,7.7,41167
46,23,3,25,38,6.1,226485
45,16,1,29,40,6.3,163324
30,3,3,2,46,6.5,23448
39,9,1,6,43,9.6,88952
31,10,2,16,43,8.0,127483
33,3,4,1,38,9.6,77622
28,3,1,6,40,8.2,45916
60,31,2,40,38,6.9,341835
24,1,2,2,37,5.6,39987
51,22,4,22,40,7.3,254007
48,23,3,24,43,6.9,266199
31,2,2,6,40,6.9,55187
21,0,1,4,41,6.7,35523
58,32,3,22,46,4.1,330786
44,15,2,17,40,8.8,162347
51,24,3,13,36,6.9,270879
46,19,1,10,46,5.0,195422
25,0,1,5,44,7.7,45598
40,13,3,11,45,5.8,142091
31,2,2,8,46,7.8,52038
53,24,3,18,45,8.2,253694
58,32,1,31,43,8.4,350861
47,20,2,21,55,6.8,215558
54,32,4,24,37,6.4,371149
35,6,2,7,40,6.1,88225
52,31,3,41,48,6.0,363357
41,20,2,11,44,7.0,188260
25,2,3,3,47,6.7,44823
26,0,3,2,44,5.8,29945
58,33,2,36,50,5.4,373086
42,20,3,26,38,6.8,190984
38,9,3,14,50,6.4,113005
34,4,2,9,49,5.4,85314
30,6,3,6,37,8.2,90862
33,9,3,7,46,9.5,108671
51,26,1,25,43,8.3,263721
50,22,2,29,40,6.0,241119
23,0,2,6,34,6.9,43223
50,26,2,30,38,9.2,280023
26,1,3,7,47,5.4,43742
49,25,2,19,47,8.1,265017
28,2,4,2,42,5.0,47684
53,30,2,23,47,9.4,338963
37,9,2,14,48,6.4,123154
31,5,3,6,44,10.0,67793
33,3,3,4,39,9.4,51190
31,6,3,10,45,6.9,103187
51,29,1,23,45,6.0,302380
48,18,2,18,46,7.3,174930
26,0,2,0,47,6.7,52249
36,9,4,9,36,6.4,109750
24,2,2,4,40,4.7,72589
55,34,4,48,34,6.3,401726
46,19,3,25,47,5.4,218734
32,7,2,11,42,7.8,74664
31,10,3,10,45,8.4,136552
57,33,3,30,36,8.0,384130
45,21,4,20,50,7.5,253442
38,8,1,2,37,5.8,93547
39,12,2,11,47,7.3,129311
43,14,2,15,44,8.1,136906
58,36,1,50,42,6.2,404575
38,17,3,20,42,7.2,162726
46,24,3,34,40,6.8,254529
26,0,2,3,49,9.3,55610
24,0,3,2,43,8.2,45527
49,23,3,24,37,7.9,244667
54,30,2,37,41,4.6,316933
37,16,1,26,44,7.2,149231
36,15,3,17,47,6.8,166635
22,0,3,0,40,6.8,43950
54,33,3,28,40,4.8,353201
28,1,1,0,43,5.5,31949
33,12,2,24,47,6.9,159056
28,7,1,1,36,8.6,93004
50,28,3,36,46,6.2,297287
52,22,3,28,41,6.4,237244
56,33,1,33,41,9.5,382779
50,29,3,36,53,6.6,329183
21,0,3,8,42,6.8,43973
59,29,3,46,47,6.8,350893
37,9,4,11,47,5.1,121445
40,15,1,14,37,7.8,160824
44,22,4,20,34,6.1,230226
42,17,1,13,47,7.0,177345
49,23,2,18,38,7.6,253597
42,21,3,26,35,9.7,230712
29,5,4,6,48,5.2,72459
57,28,3,27,38,8.2,323211
30,8,3,13,39,8.2,128395
56,31,3,47,53,6.1,390340
57,36,3,24,35,7.8,403066
48,24,1,23,37,9.3,244652
48,24,3,33,41,5.9,250630
41,15,2,18,42,7.3,160567
44,14,2,14,39,7.6,133471
60,31,2,35,37,7.7,336660
22,0,3,8,51,8.1,63364
28,0,4,2,44,7.2,50980
47,21,3,18,46,7.7,203281
42,15,4,11,42,5.7,177844
57,27,2,16,44,7.2,267556
47,25,3,27,48,6.3,262069
49,19,3,16,38,5.3,178163
23,0,3,1,44,6.3,33065
33,7,3,11,46,7.4,85748
30,8,3,8,51,7.6,93631
56,34,3,41,53,5.2,367459
29,7,3,7,43,5.7,88919
47,17,1,20,49,8.0,181625
54,33,3,43,30,7.7,407033
21,0,2,1,51,8.2,52886
52,24,2,33,39,8.9,257001
45,23,3,32,42,7.8,241991
49,24,2,27,45,6.4,253455
27,0,3,0,42,7.2,46785
23,0,2,0,44,9.3,39410
40,15,1,16,51,10.0,164532
40,18,2,23,41,7.6,213778
50,27,1,40,38,7.7,287581
55,29,3,24,52,8.0,301939
55,30,2,33,46,7.0,342032
59,35,2,20,53,8.6,396572
47,23,1,32,47,8.4,227212
46,21,2,34,36,7.5,232262
34,12,3,9,46,6.6,118936
37,8,1,12,38,4.9,92266
38,16,3,25,43,8.0,204197
49,19,4,28,43,7.3,214226
40,18,3,11,35,6.0,192249
47,17,3,20,39,5.4,163118
38,9,1,11,54,7.9,90407
24,1,2,0,44,4.8,63688
21,0,4,2,42,7.4,49494
21,0,3,0,52,8.2,56540
46,22,3,21,41,7.8,249634
40,14,3,22,43,6.5,150796
43,19,2,17,48,5.3,203161
30,0,1,5,41,7.8,50333
31,4,3,3,39,8.7,53942
25,4,3,7,32,6.2,81286
21,0,2,3,38,7.7,56682
37,14,4,21,38,9.2,149845
42,21,2,25,44,7.5,225883
54,28,2,25,40,6.4,293237
49,20,3,27,54,8.5,245420
24,0,3,0,38,6.0,22000
25,0,3,1,50,5.2,84479
31,1,1,0,44,8.1,43256
41,13,2,13,47,6.4,146971
55,29,3,36,47,6.6,345430
32,3,2,8,32,6.1,52458
46,23,3,32,43,6.3,251771
39,9,4,11,42,9.0,110816
27,0,3,4,37,9.3,36924
27,0,2,5,45,9.5,53962
46,22,3,25,52,8.5,244837
60,33,2,34,30,7.7,358198
25,0,1,1,40,5.0,25938
41,19,1,15,37,6.7,190855
34,12,2,11,43,10.0,125679
24,0,4,3,41,6.4,40686
43,20,2,23,40,9.1,224484
40,11,2,11,46,7.1,124547
35,10,4,8,51,3.3,99755
49,23,1,29,56,7.9,248134
28,6,3,6,39,8.8,90604
39,11,2,10,34,6.9,126101
59,30,1,26,46,8.7,313185
48,26,4,15,51,4.7,272538
47,21,1,36,47,5.1,214008
24,0,3,0,51,7.3,38404
35,7,2,14,42,7.7,99210
55,25,1,23,40,8.9,266434
57,32,1,45,44,7.9,372851
21,0,1,3,41,5.3,33206
23,2,1,0,46,7.3,32826
44,15,3,14,48,7.8,172934
47,17,2,20,48,4.4,176510
60,33,2,37,46,6.9,373580
56,32,2,24,44,6.5,331449
54,31,4,27,47,6.1,350390
49,19,4,28,33,7.7,198026
44,18,3,14,44,5.4,190584
44,23,4,17,43,7.6,244831
24,1,2,5,44,7.8,44996
23,1,2,5,43,8.5,34034
54,25,3,33,45,5.4,287275
43,20,3,13,40,4.9,197397
43,21,2,18,49,7.4,220824
25,1,2,2,45,6.6,37354
51,29,4,32,44,10.0,319993
26,5,3,6,40,7.6,69820
57,31,2,39,47,7.1,345422
30,0,3,1,44,6.8,45763
60,32,2,30,39,5.3,342190
27,0,1,3,43,7.8,32930
59,29,2,42,46,6.9,308670
58,36,2,34,46,6.9,411211
41,12,1,13,45,7.1,116781
40,17,3,21,43,7.3,201310
23,0,2,0,48,4.6,37502
42,14,3,7,49,8.2,158375
24,1,1,2,47,5.8,39815
48,25,1,39,40,6.8,270065
32,6,4,5,38,8.8,76601
58,37,3,36,40,9.5,424471
56,32,4,36,53,4.6,372902
25,4,4,4,44,7.0,78345
33,10,2,10,54,7.4,94450
43,14,2,11,42,4.9,132571
50,25,3,34,42,8.1,303155
57,32,4,23,43,7.2,368921
45,21,3,31,43,7.3,252012
47,24,3,31,39,5.7,252171
34,9,3,2,37,7.6,93885
56,32,2,28,46,8.2,367101
59,31,3,30,48,7.2,358242
36,12,3,16,55,6.3,139477
42,14,3,18,41,6.4,137330
41,15,1,17,41,7.3,166782
41,16,2,10,39,7.1,189353
28,4,1,5,49,8.3,50478
36,12,2,22,47,6.3,154193
51,27,4,39,39,5.3,301400
30,1,1,1,38,7.5,37698
52,28,2,27,48,6.3,304696
54,25,2,28,45,8.1,256284
29,0,3,1,47,7.0,43804
37,11,3,5,39,7.9,99825
31,1,2,0,34,5.6,42193
52,25,1,39,39,7.2,294955
30,0,2,2,46,6.0,32226
42,19,3,15,54,5.3,198155
37,9,2,15,41,5.8,102676
24,1,4,5,54,6.2,68828
45,24,2,22,47,8.7,261977
41,11,1,6,36,6.2,116944
57,32,3,34,44,5.2,353985
58,36,2,39,47,7.2,421333
21,0,3,2,31,7.0,22000
45,19,2,23,46,6.3,207870
56,26,3,26,49,6.8,271346
37,8,3,18,45,8.4,107669
44,23,4,18,43,7.9,260533
22,0,2,2,42,7.8,23967
60,39,2,50,42,5.3,473783
35,14,2,13,37,10.0,149018
52,24,4,26,40,8.5,286987
59,37,4,48,41,7.7,442836
26,5,1,3,44,5.4,42197
21,0,1,0,40,8.3,38403
43,19,2,12,39,6.3,194055
59,36,1,25,47,6.7,402351
37,13,2,13,45,4.6,118984
54,29,1,44,40,5.3,294494
49,28,3,17,46,7.6,298702
29,8,4,10,41,8.4,112637
33,10,4,16,43,8.0,132489
26,0,2,5,48,7.9,67066
26,5,3,7,40,6.9,70819
40,18,3,26,37,6.4,171861
23,0,1,0,42,7.4,51860
37,16,3,22,36,8.1,177852
32,5,2,11,42,7.0,80236
21,0,2,5,42,8.7,56405
37,7,2,13,31,6.7,100664
23,0,1,4,46,5.6,38124
46,18,3,13,42,7.0,201069
35,6,2,5,49,7.1,88606
56,30,2,34,44,6.9,323283
52,23,1,25,47,8.8,239971
52,28,3,23,49,8.1,317701
24,0,2,3,42,5.0,27744
38,10,3,13,43,9.1,133738
39,10,3,12,35,3.2,105398
55,32,2,45,49,10.0,380529
60,38,2,26,42,6.6,446446
34,8,3,8,38,6.7,99629
53,29,1,38,47,6.9,317247
34,13,1,17,32,7.5,131229
54,26,3,29,41,7.0,283394
24,0,2,3,48,6.8,47498
44,15,2,18,41,8.8,178760
49,27,2,27,39,7.8,281609
39,10,2,18,41,5.7,105601
26,0,3,0,33,8.0,54320
53,28,3,34,47,7.7,310856
60,33,3,35,42,6.2,378143
39,10,3,12,42,8.1,112148
21,0,2,4,42,6.8,22000
25,0,2,3,43,6.7,43379
47,23,2,31,46,6.7,261842
36,15,2,18,43,3.6,149655
26,0,4,1,36,6.3,22000
60,37,3,25,46,8.0,429819
33,7,1,6,45,7.0,74769
55,29,1,41,44,5.2,281756
39,15,1,8,48,8.4,150529
32,10,2,16,43,6.6,121612
36,7,1,11,49,5.3,99972
30,8,3,12,50,10.0,134082
45,22,3,27,46,5.5,245471
40,10,3,15,39,8.2,131753
51,30,2,28,42,5.9,307135
24,0,2,6,49,7.2,67262
43,22,3,30,36,5.7,250918
22,0,3,5,41,5.3,35995
42,21,3,35,41,7.7,245140
57,32,4,35,39,7.6,379343
28,1,3,1,47,8.6,71353
27,4,3,8,45,7.0,70667
34,5,1,13,39,10.0,72495
23,0,3,5,46,7.4,42270
36,13,2,16,42,7.8,152422
39,14,2,18,39,5.1,120472
38,11,3,10,39,6.1,82945
36,12,2,17,45,7.7,146331
28,3,1,7,48,6.9,64518
53,30,1,39,41,7.3,327522
32,3,1,6,46,5.9,41203
31,1,1,0,51,7.2,26081
25,0,1,5,37,7.2,31136
47,20,2,23,45,5.3,211040
32,2,2,7,47,7.9,53171
37,15,4,14,43,4.6,170101
26,0,2,5,49,7.3,35751
53,26,1,33,54,9.5,281168
25,0,3,0,45,8.0,53338
48,19,3,21,42,7.9,201257
34,11,3,9,48,5.7,117632
25,1,2,5,47,9.5,49258
53,32,3,31,30,8.9,349813
39,13,3,4,43,5.8,135750
42,18,3,17,41,6.3,193904
25,4,3,5,45,8.8,77156
22,0,3,6,42,9.5,44856
50,27,3,28,43,5.2,289942
59,30,3,40,39,5.6,357251
24,0,2,7,47,6.8,29597
53,26,3,38,51,4.0,312791
33,9,3,11,39,7.0,107727
40,19,1,11,36,8.7,182878
27,0,4,0,43,5.0,50041
35,11,2,10,43,7.2,94673
43,20,2,19,49,6.2,224114
34,5,3,1,37,9.3,96993
43,13,2,10,40,6.2,144616
39,15,2,18,32,9.1,133423
49,25,1,14,50,6.2,259070
40,11,2,18,44,8.1,148782
49,27,1,33,41,7.4,305503
44,19,2,26,36,6.8,181763
38,14,2,21,37,5.9,159256
30,1,4,2,45,7.5,74737
28,3,4,5,37,6.4,61344
46,17,1,24,44,6.0,157308
49,20,3,23,53,9.1,235944
30,8,1,8,41,7.8,104966
37,8,1,15,38,7.9,95350
22,0,1,0,45,6.5,22461
26,2,4,7,37,6.7,69102
25,4,4,6,52,6.7,67224
48,27,2,36,50,7.5,306118
25,4,1,7,42,7.9,85238
38,9,2,15,39,7.0,86204
46,18,3,10,41,5.9,192043
40,15,3,17,42,8.1,162721
47,22,2,8,45,7.0,216432
32,3,3,1,48,5.0,63022
27,4,2,11,38,4.0,51853
23,0,4,1,48,7.4,33850
30,3,3,0,46,5.8,35590
54,25,2,18,40,7.6,273281
45,19,3,11,38,5.9,185820
55,33,3,35,44,7.2,385889
36,15,2,10,38,6.5,142530
22,0,2,3,48,9.5,36559
44,23,4,14,37,8.3,254018
30,0,1,6,46,8.9,52286
58,28,1,33,43,7.0,295727
42,13,2,18,40,8.2,146983
46,16,3,14,42,7.1,157684
59,31,3,34,48,9.1,371637
47,20,4,25,37,6.9,235509
49,26,3,37,41,5.0,295922
58,30,1,21,39,4.2,298786
40,18,3,22,43,9.3,201562
47,25,3,29,40,7.7,293626
40,10,1,6,34,7.8,116774
39,16,1,26,38,9.1,196176
40,13,1,23,51,4.7,130454
55,34,3,50,44,6.5,392987
22,0,4,4,44,6.7,48362
50,23,3,32,42,8.0,261783
54,30,4,36,43,6.0,343593
42,17,1,22,41,5.3,165114
23,0,4,6,46,5.3,61159
26,5,3,7,44,8.6,80461
35,11,2,12,37,6.0,100597
47,26,4,22,44,6.2,272244
30,9,2,13,31,7.9,105625
29,0,4,1,45,6.0,78982
53,32,4,38,36,4.6,354209
52,25,3,41,43,4.8,275472
26,0,3,0,37,6.9,67008
56,32,1,50,43,7.7,357679
22,0,3,2,46,6.7,49316
49,26,2,10,51,7.6,290991
24,0,3,1,35,4.7,22000
21,0,3,3,48,4.8,37239
39,13,4,16,44,10.0,151428
46,16,1,14,41,8.7,144335
45,16,3,16,47,8.1,194742
30,1,4,3,42,6.1,42015
35,11,3,12,47,6.7,115595
42,21,1,27,38,7.0,209617
41,20,1,31,40,8.8,225096
42,12,1,10,48,7.6,127895
56,31,3,23,50,7.7,337560
54,32,3,37,43,6.8,371020
50,24,4,29,30,8.1,275851
45,18,2,31,42,7.4,197525
48,27,2,18,43,7.1,278733
21,0,3,0,42,6.0,50591
24,0,3,0,45,6.8,39750
27,2,4,5,41,5.5,73918
29,2,3,0,47,6.9,45218
56,26,2,24,37,7.1,262759
39,13,3,15,49,3.6,127504
21,0,3,0,51,6.7,41784
30,3,2,8,38,5.4,56090
56,26,2,40,38,7.7,271822
29,0,1,0,45,7.9,41411
52,22,1,23,37,6.4,226474
52,22,3,24,41,7.8,220774
26,0,1,0,49,7.8,35746
58,33,2,50,47,6.7,390720
37,10,2,12,53,9.1,110177
30,7,3,8,44,6.0,85668
47,25,2,24,40,9.1,280408
55,30,3,38,43,6.7,362692
41,17,1,21,42,5.8,175969
45,20,1,6,42,6.5,185919
48,20,2,30,43,5.5,206133
35,11,2,20,38,8.1,138659
24,0,2,0,44,4.8,47801
49,22,1,17,36,8.9,206463
29,0,4,2,39,5.7,50975
47,20,3,28,42,8.2,215215
46,18,1,29,32,7.0,174355
39,13,1,17,47,7.4,137626
48,20,4,17,33,6.2,221349
37,14,3,14,46,7.5,158043
40,10,2,8,37,7.2,110488
60,30,3,38,41,5.0,340129
59,38,3,50,46,5.7,463962
43,17,3,16,54,6.2,182590
52,31,2,19,44,5.9,335963
53,24,2,44,33,8.8,261144
25,3,1,7,48,7.0,69282
54,32,4,50,42,5.9,392654
60,33,3,36,43,6.3,385540
31,9,2,13,46,6.3,115172
23,0,4,2,32,6.6,44378
53,25,4,13,43,5.5,277981
31,5,4,12,41,5.9,53391
36,9,3,15,49,8.1,127925
38,11,4,10,47,7.3,153795
50,24,2,42,35,6.8,255897
30,0,3,2,49,7.0,37295
38,9,3,20,45,6.9,132366
58,29,2,22,35,6.7,292589
39,12,1,19,43,7.7,123939
56,27,4,39,48,7.6,319309
33,3,2,9,37,4.8,45323
23,0,3,4,50,6.8,58300
30,7,1,6,35,4.9,64100
58,37,1,32,39,7.9,417318
21,0,2,0,38,8.1,42864
47,23,2,32,50,6.1,269777
28,6,3,5,41,6.8,94494
37,8,3,3,37,4.0,77496
29,6,1,6,45,8.4,65626
26,0,1,6,46,8.0,56156
45,19,2,17,46,8.6,192669
59,34,2,34,42,9.1,382982
48,27,3,27,44,5.3,279542
53,29,2,22,40,8.2,318108
57,34,1,43,51,9.1,383082
29,8,2,4,49,4.9,88889
38,13,1,14,48,6.8,135686
41,15,1,12,47,6.5,151853
22,0,2,0,46,8.2,51640
58,35,3,38,37,3.6,393186
60,34,4,30,46,9.5,394353
56,32,3,19,44,6.8,328995
57,28,2,42,49,8.3,320942
35,10,2,18,47,6.9,117966
48,24,3,13,46,7.7,244454
38,16,3,20,35,3.8,163311
54,28,4,42,43,6.5,336962
42,12,1,8,40,8.2,135683
31,9,1,19,44,7.4,90768
33,6,3,12,41,4.7,76880
24,1,3,6,42,7.1,63242
42,13,3,19,45,5.9,164652
27,2,3,1,41,5.7,39353
44,16,4,17,44,4.9,188880
24,0,3,0,35,7.9,23449
48,18,4,26,39,8.6,219719
35,7,4,9,46,10.0,101389
21,0,3,0,37,4.9,51904
23,0,2,4,49,8.1,42782
34,9,2,13,48,8.2,108191
58,28,3,38,42,6.2,313199
21,0,2,4,58,5.7,28405
58,30,3,32,49,5.5,314900
58,28,1,22,38,6.3,291092
41,13,2,18,47,7.3,156472
49,27,3,30,43,8.9,310601
25,1,1,4,39,8.5,32202
30,0,2,1,38,4.7,37562
48,27,2,37,48,5.9,285318
41,17,3,26,40,8.8,196852
27,3,1,2,42,6.0,65296
23,0,3,0,38,6.9,43060
40,11,2,13,39,4.6,131152
39,16,4,24,42,8.6,184740
55,33,2,22,45,4.3,350510
24,0,2,5,30,4.7,32008
25,0,1,1,43,8.5,25488
21,0,1,0,39,9.7,36915
24,0,3,2,50,6.6,41818
32,2,1,6,58,6.9,56382
47,19,2,16,41,8.3,199629
43,20,3,17,34,7.4,189386
45,16,2,7,44,6.5,143933
41,19,1,20,42,6.3,203275
44,18,3,29,53,4.8,176463
45,24,4,39,51,7.3,290496
52,25,1,6,47,6.9,238867
52,29,1,34,40,6.4,310161
25,0,4,0,46,5.6,60297
56,32,1,19,44,5.7,331066
59,30,4,28,44,7.9,351255
36,11,1,12,35,8.2,116203
53,30,3,35,48,6.5,339287
41,13,2,20,44,6.4,139762
29,3,4,8,42,5.8,72953
26,4,2,5,40,8.3,58981
55,32,3,45,39,7.0,357826
59,31,1,35,45,7.5,339594
42,12,2,16,34,7.5,131063
25,0,3,5,47,6.6,24760
43,13,3,23,38,5.4,144024
37,11,4,19,33,5.6,111767
32,11,2,11,52,8.6,135852
43,14,3,17,39,6.0,127986
36,13,2,17,39,6.4,160611
23,0,4,5,49,5.4,42792
50,23,4,34,52,5.3,252810
42,15,2,27,35,5.9,156404
29,6,4,4,38,9.4,94615
49,25,3,23,39,7.9,280386
57,27,2,22,48,6.3,282158
43,16,3,24,51,8.5,168446
33,5,1,7,38,6.8,53302
52,30,3,18,50,8.9,336587
43,14,1,19,39,10.0,163738
37,10,1,12,45,8.4,126910
60,32,2,25,37,7.1,347717
41,15,3,15,42,8.0,174858
22,0,3,0,42,7.0,63848
57,28,4,14,41,4.4,310924
26,2,2,0,45,6.1,59814
38,13,1,11,38,5.7,115941
50,21,3,34,39,6.1,242661
42,21,3,27,45,9.5,242195
53,29,2,33,50,8.6,333118
50,23,2,22,43,7.6,256693
37,8,3,9,46,8.1,108003
52,22,2,29,47,4.4,229719
34,8,3,8,47,8.0,90262
30,2,3,6,38,8.3,54852
56,27,3,31,39,3.9,292214
54,24,3,37,40,8.1,274711
29,5,2,6,53,5.0,76027
48,27,3,19,46,4.2,295224
31,3,3,13,45,8.9,85684
34,12,2,15,45,5.6,127905
59,38,3,39,36,6.0,434583
39,12,2,12,53,8.4,141700
35,5,3,0,45,6.6,98056
48,19,2,28,47,6.7,209465
44,15,3,4,34,6.7,143099
28,5,1,7,47,7.5,80530
29,3,2,5,41,6.7,65409
53,26,4,45,36,7.2,310506
53,23,3,20,38,6.3,256925
39,10,1,6,37,7.5,106783
23,1,2,3,37,7.4,60935
30,2,2,3,43,9.7,62063
60,33,3,24,41,6.5,384600
21,0,3,2,45,6.7,57831
49,27,3,26,51,7.3,310972
54,26,3,18,42,8.4,289130
33,8,3,3,32,5.5,112718
21,0,2,2,42,7.1,53569
54,27,1,33,49,3.5,271048
49,19,3,16,43,6.6,201731
33,12,4,16,51,8.5,145293
49,21,3,26,45,6.0,251834
59,35,3,50,34,7.2,428817
44,15,3,9,44,6.3,179283
46,25,4,32,44,5.8,272180
37,15,2,23,48,8.4,182370
27,1,2,5,52,5.5,33106
33,3,4,6,48,7.4,50734
25,4,3,9,45,7.4,69567
46,22,2,33,46,5.8,255499
23,0,2,2,42,7.2,28989
27,0,2,0,36,5.7,32248
59,34,1,39,43,7.7,394206
21,0,4,4,45,5.2,53657
37,11,2,13,37,6.5,143874
45,24,3,22,50,6.6,259920
23,0,2,3,48,8.6,42950
35,9,3,7,36,7.2,88996
49,23,1,27,50,8.3,240304
52,24,3,36,41,7.8,257037
46,20,3,20,39,7.8,191643
36,11,3,16,48,6.5,153071
45,23,1,14,43,8.4,231007
48,24,2,34,52,6.5,295408
29,0,1,5,39,4.6,23179
21,0,2,2,34,6.7,30504
49,19,3,24,42,7.6,198276
42,18,3,16,47,4.8,178811
36,14,3,21,38,5.8,162513
27,0,3,3,36,5.3,42996
34,4,2,6,44,8.1,80615
49,19,2,22,36,9.3,217617
39,17,1,30,45,6.7,195378
39,18,3,23,41,7.7,184598
22,0,3,0,45,7.7,37864
35,14,2,19,36,9.2,154568
23,2,1,5,49,6.1,97174
31,10,3,12,42,6.7,125019
50,24,3,22,47,6.5,259410
60,31,3,15,48,7.1,345839
38,8,2,12,37,10.0,95623
22,1,2,5,47,7.0,53879
52,27,4,31,36,5.8,311426
28,0,3,4,36,5.4,36952
42,13,2,13,53,8.8,138031
26,5,3,9,49,5.8,77816
32,4,3,7,53,7.9,74045
60,39,2,50,41,6.0,445674
56,28,2,34,44,5.2,295801
35,14,2,18,46,7.8,137046
48,23,1,30,43,6.1,223428
38,10,3,12,39,7.6,102809
22,0,2,0,39,7.7,50391
33,4,3,13,44,7.8,96100
35,14,4,25,38,6.6,143717
40,11,1,11,38,8.0,134612
49,28,2,19,45,5.7,278141
49,19,3,16,43,3.6,200243
23,0,3,5,48,8.0,53753
39,16,3,18,41,7.2,179990
23,2,2,0,40,6.1,32261
34,11,2,15,45,4.9,97232
60,38,3,24,39,4.1,419115
24,2,4,10,40,7.1,67492
31,2,2,5,40,9.3,81983
51,23,4,24,42,6.8,241083
52,31,2,21,52,6.5,334394
47,23,4,20,36,7.0,238551
50,29,3,30,49,10.0,332973
22,1,2,6,47,8.1,31161
29,5,3,5,51,5.7,94077
48,26,2,26,59,7.0,284868
51,28,2,38,50,7.5,325816
54,25,1,18,48,5.5,247764
35,13,1,22,36,8.1,142258
45,21,2,38,37,5.9,240576
56,35,3,43,45,4.9,409181
28,6,3,8,35,7.1,82822
29,4,1,10,46,6.9,59063
57,27,3,44,32,7.0,298547
59,38,3,48,49,5.9,446496
52,25,4,37,41,6.1,275944
37,13,3,17,44,8.6,165065
55,29,1,36,39,7.6,334143
57,29,2,40,34,5.7,301043
39,13,3,19,49,4.3,148242
49,27,1,32,50,5.7,282578
27,6,1,4,41,7.2,90864
48,20,1,22,46,6.1,204168
29,1,2,0,41,6.0,40890
48,19,2,24,44,6.2,190523
26,0,2,0,47,6.9,22569
49,28,1,39,46,8.1,317051
37,8,3,9,50,7.0,107186
36,13,3,20,46,7.1,154379
43,17,2,20,43,6.7,170658
51,21,1,30,39,6.3,214501
23,0,1,1,41,8.3,49593
41,12,2,18,47,8.0,149985
46,23,1,18,35,9.9,219428
56,31,2,35,49,7.9,341880
57,32,3,35,42,6.3,345981
42,12,3,15,39,5.7,132675
32,5,2,9,38,8.3,87012
33,9,2,12,46,5.9,100965
31,7,3,13,43,8.1,90506
36,9,3,13,51,5.9,107456
28,0,3,6,37,7.5,72426
60,36,3,45,40,5.5,436463
60,36,2,30,43,8.1,417502
22,0,2,0,39,5.3,36791
50,24,3,22,43,7.4,258227
50,23,1,16,45,6.7,217990
32,11,4,11,45,7.1,116700
30,7,3,3,51,6.4,82895
31,2,3,7,36,6.4,42065
35,9,1,6,45,7.2,90846
36,10,3,5,40,5.6,104827
37,12,2,13,45,5.6,126646
46,23,1,33,45,6.5,235375
22,0,2,4,38,6.4,44543
32,11,4,6,38,5.6,115672
46,23,3,28,46,8.3,258826
43,19,2,18,43,6.5,185675
38,13,1,7,42,6.7,135034
52,22,3,18,46,5.1,222592
58,29,3,32,47,9.9,352933
23,0,3,4,40,10.0,48100
58,35,3,23,39,5.9,388964
23,0,2,0,37,8.7,47573
50,29,3,21,43,6.9,324522
21,0,2,0,36,9.2,52235
50,24,4,28,43,7.5,291557
52,25,3,28,49,7.1,284893
48,18,2,22,41,3.5,179106
41,13,2,12,40,5.8,125904
33,12,3,7,53,7.0,132104
47,23,1,25,51,7.3,258828
56,31,2,25,39,5.3,312836
27,5,3,7,44,6.0,65222
42,21,2,25,45,7.8,222102
30,2,3,5,44,5.1,42572
59,33,1,32,52,7.2,359315
35,10,3,9,43,8.7,140375
35,6,1,5,44,7.5,73623
24,2,1,4,46,7.5,58530
52,22,4,24,49,4.2,219622
43,15,3,19,48,5.8,150921
26,0,2,7,46,9.9,65092
44,15,2,19,35,6.2,173766
40,19,3,25,41,8.8,213587
57,30,3,19,47,6.1,321828
40,12,4,16,44,6.6,146174
32,9,4,6,47,7.7,80681
53,29,3,37,52,7.1,336129
48,25,2,27,37,7.5,251847
28,1,2,0,49,5.9,54259
21,0,3,3,41,5.4,22000
57,34,1,38,48,5.8,369299
42,16,2,17,43,6.3,164688
26,0,1,0,54,6.7,32609
41,15,1,21,44,8.5,156294
52,30,2,47,40,7.1,351553
55,28,2,34,45,7.7,309116
35,13,3,24,45,7.2,141833
25,3,2,2,49,5.4,67745
26,4,2,4,45,7.0,69172
45,24,1,35,55,7.2,265400
60,39,3,40,42,8.1,457720
49,22,2,19,43,5.5,192629
27,2,3,3,40,4.1,35486
60,37,4,45,43,7.2,438776
33,12,1,23,44,7.5,127980
58,28,2,35,44,6.7,297158
38,12,2,17,43,7.0,134202
22,1,4,6,40,8.2,66411
28,0,3,5,39,6.4,55064
31,9,4,9,41,6.6,118697
53,32,2,41,49,7.1,354529
58,31,4,46,50,5.3,369097
47,21,1,19,43,6.8,228932
40,14,1,16,38,6.9,122073
32,7,3,8,43,9.3,113389
51,27,4,20,53,6.6,289167
47,23,1,27,48,7.3,244745
52,29,1,35,46,8.3,321793
30,0,1,0,48,5.8,38779
23,0,1,0,51,8.9,72492
47,20,2,22,37,9.5,208740
55,26,4,38,41,7.0,279866
51,30,3,25,40,6.2,331627
35,8,3,15,46,9.3,109760
36,6,3,10,44,8.1,96168
33,9,3,11,47,7.1,121365
55,28,3,31,40,9.0,314446
31,10,3,17,50,8.8,134486
41,16,2,11,43,6.5,162311
31,8,3,19,46,7.3,131703
50,25,3,34,49,7.8,279353
55,31,3,45,49,7.0,355265
42,20,4,30,45,5.1,234319
58,34,2,34,47,5.7,369860
51,28,3,31,52,5.1,315806
34,13,1,16,46,7.7,136835
44,14,3,21,39,5.3,150064
52,24,2,17,46,7.3,278108
56,31,1,22,43,9.6,346709
52,28,2,31,31,9.0,315369
35,5,3,6,45,4.4,77067
55,30,1,26,44,5.2,304202
23,0,4,0,49,5.9,46988
36,13,1,21,39,5.4,140870
25,0,4,5,35,4.7,40488
41,17,3,17,44,7.0,182947
30,9,2,12,45,8.0,104291
39,16,2,16,43,8.3,172612
45,15,3,17,43,6.3,154893
24,0,3,0,38,6.6,46341
49,21,3,10,42,7.5,191521
39,12,2,16,41,6.8,146805
22,0,2,5,48,8.1,32960
30,9,4,6,45,7.6,97793
45,22,2,22,42,6.5,232656
40,15,2,21,52,4.4,165929
39,9,2,9,42,9.1,132699
43,22,3,23,46,6.0,239065
44,21,3,27,42,7.5,229675
31,8,2,10,51,4.3,96206
54,29,1,39,43,7.0,334576
48,25,1,28,44,7.1,290143
25,0,2,2,42,7.2,38682
25,4,2,10,44,10.0,84773
41,17,4,16,49,6.1,185577
32,2,2,5,47,8.1,57869
24,0,2,2,43,7.7,65199
40,16,4,21,52,6.0,171381
58,37,2,50,47,8.1,413639
45,23,3,35,41,6.8,259759
34,13,1,13,36,8.2,146982
31,5,2,7,41,9.7,82339
52,29,4,31,45,7.2,338476
31,4,3,3,46,6.6,76759
38,13,2,5,50,8.5,139391
47,18,3,13,38,9.0,196626
38,11,4,12,41,5.8,131515
43,19,2,9,37,6.4,160207
31,6,3,8,36,7.9,84676
41,16,4,22,40,6.8,160467
25,0,1,6,45,5.7,39392
43,13,3,9,47,7.8,136807
45,16,3,19,38,7.9,185868
30,0,3,3,39,6.5,43633
42,19,2,23,34,7.1,201538
39,13,2,18,44,6.2,138063
21,0,3,4,39,5.5,51676
27,0,2,0,51,6.3,22282
24,0,2,2,45,7.1,31404
21,0,2,3,42,4.9,51436
35,14,1,20,40,6.4,139012
60,36,4,30,36,7.1,394340
32,6,2,8,36,8.7,99462
42,19,4,18,40,6.6,217523
42,21,1,24,40,5.3,217682
37,11,3,13,38,6.7,123593
49,28,2,28,45,6.2,320489
34,5,3,9,46,7.8,97353
40,19,3,24,41,6.5,222904
53,27,1,23,53,3.2,282336
35,14,4,19,34,10.0,165024
32,5,2,8,43,7.2,70510
60,37,3,50,42,7.1,430283
40,14,4,18,40,4.8,158725
50,23,4,16,40,4.9,247914
58,37,4,50,43,6.9,450173
23,2,2,11,42,7.5,67464
48,23,1,37,41,8.0,243984
46,20,2,10,37,7.3,207059
50,21,3,15,35,5.3,200375
33,12,3,5,42,3.5,105099
33,9,1,8,41,6.9,94203
22,0,3,4,42,6.3,52495
57,29,2,35,42,5.2,300605
58,28,2,38,40,8.2,324156
22,0,3,0,42,4.8,22000
56,33,2,34,39,7.9,366349
46,24,3,31,51,5.0,247073
31,7,1,7,39,7.2,50871
28,6,3,14,41,8.3,96307
60,39,1,44,39,6.5,445756
42,19,2,15,39,9.4,180545
40,13,3,21,43,9.7,149501
28,7,3,10,42,7.3,98712
49,27,2,33,41,7.8,290632
60,39,2,23,42,8.5,443376
46,18,3,20,39,7.8,188619
50,25,2,24,45,7.6,259112
37,9,3,11,53,6.3,104636
40,17,3,16,39,4.6,164964
36,9,1,12,45,5.1,88952
27,0,2,1,43,10.0,35342
36,10,3,17,46,7.5,119443
47,20,2,13,46,6.7,194521
43,21,3,38,44,8.8,230900
44,16,1,11,43,6.0,163442
29,4,3,4,41,7.8,83872
55,28,1,43,39,7.1,305319
40,19,3,32,43,7.6,215678
57,32,2,44,37,6.5,352039
37,16,2,20,40,5.6,177284
51,23,3,20,49,5.8,265558
28,4,1,5,43,5.9,58374
35,11,2,12,47,7.0,116423
51,29,2,15,50,4.8,304608
50,25,2,30,42,5.3,265497
40,19,4,16,44,7.2,200398
59,30,3,38,41,6.8,346054
32,7,1,8,39,7.3,94548
37,11,3,12,38,6.9,112680
50,28,3,42,47,10.0,360704
49,19,4,17,44,7.2,188855
39,9,2,8,52,6.5,95190
31,10,3,14,48,7.1,124258
54,30,3,31,39,8.4,364412
27,0,2,0,47,6.9,34199
54,28,2,30,41,8.0,291971
40,10,2,15,49,7.6,126641
58,37,3,42,41,6.6,433977
44,23,2,20,38,7.2,244343
30,2,4,5,39,9.2,62021
52,28,2,27,39,7.3,289174
35,10,3,13,39,5.6,140537
57,30,4,43,40,6.6,315797
40,12,3,22,47,4.0,157803
23,0,3,3,52,7.2,60149
57,30,3,25,36,8.8,322903
60,38,2,50,49,5.1,471779
28,4,3,10,41,7.2,56223
60,30,1,36,45,8.4,341597
43,22,3,8,35,8.5,198518
60,30,2,48,46,8.8,335049
31,2,3,4,33,4.4,30680
28,5,3,3,45,7.7,67392
49,26,2,12,44,4.9,260069
50,20,2,30,44,5.6,202988
30,1,4,1,39,8.1,26403
59,29,1,33,46,7.2,317951
48,25,1,22,45,8.0,259287
56,28,2,28,42,5.7,302717
33,11,4,9,46,9.1,135303
52,29,4,30,43,8.0,344051
56,34,3,24,46,8.2,385674
57,36,4,31,42,5.5,432090
46,24,2,19,44,8.6,243502
42,14,4,12,46,6.6,146476
24,0,1,2,41,6.1,51962
51,29,1,49,37,7.9,339508
38,11,1,16,44,7.8,129285
58,33,3,34,49,5.8,366531
44,21,3,23,44,9.9,222124
43,14,2,18,45,9.5,173447
42,16,4,23,43,7.8,199462
22,1,2,5,47,7.6,51467
51,26,1,22,42,7.5,295153
31,4,2,9,41,4.8,68417
48,24,3,23,49,7.2,248444
52,24,3,14,40,7.1,246022
25,0,2,11,47,6.2,48616
58,33,3,17,49,6.6,365787
30,1,2,1,46,3.7,53580
60,31,3,28,37,5.5,327835
44,15,4,22,43,8.3,159372
55,34,1,50,42,9.4,400268
43,21,4,22,41,5.7,220806
37,14,3,11,44,7.3,179362
21,0,2,4,47,8.5,59669
51,21,4,22,41,6.3,222085
51,22,2,24,42,7.9,247504
54,24,2,23,42,7.0,259975
29,3,2,3,49,8.7,73164
42,21,2,32,42,5.2,221213
33,4,3,3,37,5.5,65525
45,19,3,19,35,7.4,174095
38,14,4,21,45,7.1,179305
32,8,2,9,39,6.9,52327
60,37,1,33,46,7.8,411785
37,10,1,6,36,5.7,78001
35,12,3,12,40,5.1,120700
35,13,4,17,36,6.3,143951
35,5,3,10,45,6.5,64988
59,31,2,30,46,6.6,307186
33,9,3,10,45,8.8,115665
37,9,3,8,38,8.1,131267
52,31,1,31,39,7.7,328585
29,4,3,2,44,7.3,79142
60,31,2,26,35,6.4,349133
40,19,1,21,42,5.8,166490
46,22,2,34,51,5.3,233963
47,21,2,23,42,6.0,201713
41,11,2,7,36,6.9,103005
38,10,2,12,40,5.4,127924
33,10,1,9,40,7.2,108134
36,11,3,13,54,6.7,139926
29,2,4,4,51,6.4,60493
32,11,3,8,47,8.6,112933
58,31,2,31,41,3.6,339467
39,11,2,14,49,6.5,139161
27,0,2,0,37,3.7,31758
55,26,1,13,48,7.3,267769
38,12,3,22,48,8.1,131892
36,10,3,7,42,5.1,115982
59,37,3,48,49,5.3,458962
24,1,3,6,41,4.6,49815
45,21,2,21,37,7.1,194019
52,28,2,29,48,6.5,323288
60,32,3,27,43,6.6,345772
33,12,2,5,46,6.5,127553
37,7,2,3,52,5.6,96186
57,33,2,50,39,8.6,397615
26,2,2,1,42,7.4,29749
39,18,1,16,51,5.3,180277
33,10,3,10,46,6.0,114912
46,21,3,35,40,5.8,248978
34,8,2,18,38,9.0,111465
51,22,1,11,40,8.0,232367
24,0,3,0,39,6.8,45379
59,30,2,28,44,9.4,331410
28,7,2,10,43,9.0,97026
45,16,1,21,44,6.7,183283
33,5,2,7,39,6.4,54887
52,30,3,50,43,6.5,361721
58,37,3,50,33,5.7,429979
58,37,2,17,44,9.4,405240
48,22,2,33,49,5.6,250631
50,21,1,10,36,8.2,191903
23,0,1,7,45,8.0,50975
48,23,4,23,40,6.6,245223
23,1,3,4,47,9.5,30227
54,33,3,37,44,4.8,380483
36,14,3,14,45,6.9,153846
42,21,3,26,43,6.3,203889
52,29,3,25,50,8.3,316797
58,32,1,31,45,7.5,326156
28,0,2,0,39,4.6,39980
28,5,3,0,43,8.7,92006
26,0,2,4,41,7.7,53544
34,5,4,3,44,5.6,85620
52,22,3,28,41,6.5,232296
55,30,4,35,40,5.2,347513
30,3,2,1,44,6.8,56501
23,0,3,3,43,7.2,46674
32,9,2,5,48,6.5,112349
51,29,4,26,41,6.4,338306
49,27,1,19,33,4.7,259663
25,0,3,0,41,7.5,24758
45,24,3,35,35,4.3,255431
51,29,2,44,45,7.0,325529
41,12,2,13,35,4.5,122615
40,13,4,12,38,7.1,153586
59,33,2,50,41,7.0,358685
42,13,3,17,51,7.6,142999
24,0,1,6,38,8.2,31033
33,8,3,9,43,8.5,118211
40,11,3,13,46,4.7,118960
33,7,2,13,50,6.9,89345
37,11,1,12,47,9.8,131960
56,32,3,39,48,7.2,364194
53,32,1,39,47,5.8,351208
21,0,1,2,37,6.9,57219
35,6,3,8,45,6.5,105745
33,5,2,7,47,5.4,67061
37,9,2,14,38,8.2,105572
44,19,3,14,40,7.8,191152
28,0,1,5,39,5.1,22000
47,24,2,32,47,6.9,273544
43,20,1,30,43,6.2,237156
28,7,3,15,41,4.8,85589
28,0,3,3,37,5.0,26148
46,20,3,30,43,5.2,213926
33,11,2,14,40,6.9,121651
59,31,1,26,44,6.4,314174
57,28,1,33,37,5.7,286818
48,19,2,25,44,6.5,213239
45,23,4,25,41,8.0,258319
36,14,2,26,37,7.5,170555
22,0,2,0,36,8.4,43577
38,14,1,20,37,6.7,130423
37,16,3,23,42,9.2,175198
50,22,3,24,44,7.5,242091
59,37,3,50,44,6.3,431039
33,10,3,11,45,7.1,102372
52,27,2,23,39,5.3,264994
49,26,1,19,48,6.6,271440
50,23,2,21,41,7.6,235315
38,11,3,18,45,7.9,147399
33,11,3,17,42,6.4,116353
41,14,3,9,45,10.0,126341
50,24,3,22,42,6.8,254812
41,11,3,8,45,4.7,136481
37,8,4,15,43,8.7,112855
60,31,3,46,47,7.8,348895
39,17,3,21,39,7.3,163969
35,8,2,15,34,6.3,109035
29,4,3,8,38,7.6,60791
30,4,4,9,48,9.3,102002
51,30,2,43,42,7.3,346649
43,16,3,17,43,4.9,157525
50,24,3,33,38,2.2,266236
53,29,1,47,43,7.5,312453
29,8,3,17,38,5.6,82882
21,0,1,5,39,6.9,28599
55,31,4,49,41,5.9,377165
31,9,3,15,45,5.8,123586
54,26,1,28,46,5.9,265398
36,14,1,9,46,6.1,114720
29,4,3,1,35,8.1,45599
52,26,2,40,43,7.8,277668
35,7,1,5,42,5.3,61712
32,11,3,12,35,5.5,120295
53,32,2,16,43,7.5,365307
34,10,1,18,42,8.5,126899
28,3,3,4,46,8.5,53611
28,0,4,0,43,5.6,31767
47,20,3,19,40,8.4,208359
32,5,3,11,48,4.5,81371
21,0,2,3,32,6.7,54355
60,35,2,29,43,7.7,387591
31,6,2,10,34,4.1,89695
59,38,3,43,38,9.9,484147
51,22,4,19,46,8.9,241321
37,11,3,13,37,7.9,120452
53,24,4,26,36,5.6,255973
52,29,3,48,55,6.9,344480
49,24,2,24,36,8.1,247512
41,19,2,16,51,5.4,204770
41,11,1,15,42,6.7,99214
60,35,1,42,40,8.3,389335
43,15,3,10,46,4.9,157200
26,4,2,3,50,7.5,79501
42,14,3,27,37,4.5,179723
58,34,3,50,40,5.7,383962
57,27,2,27,47,6.3,281375
28,0,2,0,44,7.7,22000
55,34,2,26,49,6.0,362642
31,6,2,7,46,7.2,61203
44,23,3,7,52,6.0,229394
41,14,2,15,44,6.3,143720
22,0,3,0,44,8.8,52033
60,37,4,36,45,5.4,436137
39,16,3,16,42,8.1,179049
59,32,4,31,47,7.0,372839
48,24,2,15,44,6.2,231010
37,14,1,14,47,5.3,119655
26,0,2,0,48,5.4,44704
39,16,2,20,45,6.0,187738
58,31,4,37,46,6.8,392915
48,26,3,22,38,7.8,290785
22,1,1,2,40,6.6,58790
58,32,1,36,47,6.7,356628
57,29,1,48,50,6.9,330014
24,3,3,5,33,7.7,60832
42,12,3,10,40,7.9,130740
46,17,3,22,43,5.1,188095
56,33,4,50,39,6.6,389693
33,10,2,18,39,8.7,118581
52,28,2,24,45,5.2,280524
37,16,2,17,51,7.1,176879
56,27,2,36,33,6.8,279591
39,16,4,31,42,6.2,186895
55,25,3,27,45,9.2,285356
60,36,3,50,47,7.1,440941
48,27,2,34,45,9.1,310408
21,0,1,8,52,7.0,45741
38,17,1,14,43,7.6,175573
60,35,3,44,50,6.2,408360
53,28,3,25,40,6.2,279100
32,5,2,6,43,7.6,80964
28,0,3,2,37,7.6,45182
44,20,3,19,48,7.8,229010
36,9,2,8,42,7.5,102607
24,0,3,4,45,5.1,22000
58,35,2,29,41,5.9,386600
47,21,3,24,46,8.2,241999
29,5,3,9,45,4.3,78712
36,13,4,6,38,7.4,137479
32,3,2,9,38,6.8,40447
51,26,2,36,43,8.2,275768
44,17,1,15,46,7.6,177817
34,8,2,13,52,6.1,81478
45,15,3,14,45,6.0,155081
54,29,4,44,48,6.3,343211
23,0,2,4,35,7.8,54399
44,18,1,19,53,3.8,186044
29,0,2,0,46,7.2,52754
46,24,2,31,43,5.8,259132
40,17,2,16,42,7.3,165305
60,38,2,44,37,7.5,436846
30,7,3,2,39,4.7,67418
39,18,1,24,53,6.7,197259
23,0,3,1,38,7.2,31923
44,18,3,23,38,7.1,188972
25,3,2,0,39,6.8,53530
23,0,3,0,37,5.3,53846
47,21,3,35,43,5.5,240346
36,9,3,12,48,5.1,97856
35,14,2,17,40,7.8,151732
55,28,2,25,36,6.8,314826
32,9,3,11,44,6.9,116162
46,18,3,22,43,4.6,169921
54,28,2,28,48,7.0,293077
43,19,1,29,41,7.9,188937
51,23,1,12,42,4.4,235509
40,11,1,15,42,6.3,131875
32,2,3,8,43,4.8,46360
43,21,1,14,41,6.4,196141
24,0,2,2,40,5.7,36686
43,18,3,20,34,7.5,191046
21,0,2,1,40,7.2,27502
45,15,3,12,47,8.8,162210
22,0,3,4,47,6.9,29107
50,22,2,17,41,7.5,240768
23,0,3,0,49,6.2,22000
41,16,3,21,43,5.5,150403
45,17,2,18,36,8.2,181620
40,10,2,3,35,8.7,90757
42,14,3,18,49,8.0,154468
41,18,4,31,41,7.2,208448
53,31,3,25,37,5.6,345114
58,29,1,34,32,8.6,307087
35,13,3,17,41,7.8,167900
35,6,2,6,45,9.8,87575
45,21,3,19,40,5.4,231400
41,19,3,16,38,8.2,203623
44,14,3,23,40,7.8,185305
25,4,3,5,49,6.5,83380
26,2,3,0,36,8.9,54332
43,14,3,15,40,7.6,159976
24,0,1,2,49,5.7,35320
47,23,3,32,45,6.8,252149
38,9,4,8,44,5.7,91409
41,15,1,18,40,6.3,141051
48,27,2,37,43,8.0,324682
55,25,2,13,40,8.4,241802
42,16,3,11,39,7.3,157794
60,31,3,40,38,5.9,349885
43,21,1,20,47,7.5,214025
23,0,3,0,43,8.0,48505
60,38,2,47,45,4.2,436881
30,6,3,5,44,7.2,88355
45,17,2,23,45,6.7,195109
28,1,2,3,42,8.3,64980
31,2,1,2,41,7.5,46180
25,0,1,3,39,7.7,46636
57,36,3,50,36,6.3,412656
58,36,3,42,37,7.0,413199
49,23,1,24,41,8.3,223585
25,0,1,5,35,6.9,36451
29,6,1,8,36,7.2,64689
22,0,3,1,48,4.8,22000
21,0,3,1,44,6.9,37868
60,34,1,37,41,4.2,347747
50,24,3,36,54,6.3,288956
31,10,1,12,35,7.1,98560
48,23,4,16,48,8.1,264714
32,2,4,5,42,5.6,49465
59,36,3,45,47,7.5,416321
46,19,4,30,44,9.1,237156
33,3,3,2,34,6.1,54514
28,5,3,3,43,4.8,90793
48,23,3,24,45,7.4,244502
50,23,2,29,32,5.3,230921
29,6,2,8,53,5.9,95587
59,29,2,33,45,8.3,334201
51,29,3,23,46,9.6,326571
41,15,1,15,37,5.6,184973
54,26,2,35,46,6.0,279863
51,27,2,24,48,6.4,272166
45,16,2,20,44,6.2,155949
32,4,3,2,43,9.7,69833
21,0,4,1,39,6.3,58925
42,15,3,9,42,6.5,152164
60,37,3,38,40,9.3,458603
57,31,3,21,46,7.8,348823
21,0,2,4,39,8.4,57100
21,0,2,2,46,5.7,43796
41,18,4,15,39,6.3,195391
35,14,2,7,42,5.5,145693
37,13,1,26,46,8.1,141569
42,12,3,15,39,8.7,131091
58,35,1,24,46,6.2,382395
55,31,2,27,46,6.5,360973
36,7,1,15,42,6.6,70501
28,5,1,4,49,4.8,41450
37,11,1,15,43,6.1,113635
37,11,1,16,49,8.1,138020
46,19,3,11,52,5.8,197647
33,4,3,8,42,7.1,57198
37,10,2,16,46,5.2,114349
58,37,3,43,40,6.8,417014
37,9,2,5,38,6.2,102657
34,9,2,6,42,5.3,92001
26,0,1,3,36,8.1,37816
55,25,3,31,38,8.2,281876
34,9,2,10,46,5.6,104328
28,3,3,7,40,6.7,55705
35,13,3,14,47,7.1,157653
47,24,3,17,44,4.5,256943
33,3,3,8,52,5.0,43509
51,22,4,35,46,8.8,256107
55,28,2,28,49,5.5,287847
26,5,2,5,45,8.8,62533
25,2,3,3,45,5.1,57782
42,20,3,28,49,7.9,220219
43,22,1,20,46,6.6,220427
45,16,2,13,44,6.8,155494
54,26,2,41,44,9.6,300772
46,21,2,27,46,5.2,228570
25,3,1,7,40,7.8,85513
46,25,4,13,39,7.8,265478
40,13,3,12,50,10.0,134919
26,4,2,5,52,5.5,60713
26,5,3,11,38,6.1,85865
38,16,4,23,40,8.1,174168
24,0,1,4,49,6.7,24864
37,10,2,11,46,6.4,103128
34,4,3,7,46,8.3,68980
34,8,3,9,47,6.6,87458
33,8,1,2,42,5.8,85330
27,4,4,6,45,8.0,75252
35,12,2,10,44,7.5,138126
39,10,2,6,39,6.6,99550
55,31,2,41,45,6.5,355777
37,8,1,11,49,5.7,87713
55,31,3,31,41,8.0,336555
39,17,4,19,44,6.5,181004
40,16,2,22,44,5.9,149511
56,30,4,21,42,5.2,351509
55,29,3,27,46,7.5,324590
52,27,2,33,40,6.3,281255
60,39,3,33,50,4.2,452198
44,21,2,30,46,5.3,193824
37,12,3,17,38,6.7,151172
27,1,1,4,51,6.7,64789
21,0,3,3,44,6.7,44991
55,26,1,22,39,6.5,266884
52,29,3,45,49,4.9,317968
56,26,3,28,45,5.8,268820
33,10,2,16,34,8.7,95782
26,4,2,15,40,8.5,74827
34,6,2,5,44,7.8,93962
57,34,3,21,32,7.7,371181
35,9,2,16,43,8.3,116382
24,2,3,4,44,5.4,64206
60,33,2,24,37,7.0,338071
36,12,1,12,44,5.4,142887
48,19,1,23,43,5.5,204628
36,6,1,9,37,7.5,83267
24,0,3,6,48,8.3,63339
46,19,4,19,47,6.7,220853
48,20,2,27,42,9.3,222112
52,29,3,23,42,7.3,334119
22,0,1,2,47,5.9,32518
51,29,3,23,42,5.5,318022
23,0,1,3,33,8.4,53910
28,1,3,6,45,7.2,22000
44,16,4,17,39,7.9,182596
35,6,2,11,41,3.3,82275
51,24,3,17,50,7.3,236879
29,0,1,2,42,6.3,39832
59,29,2,27,43,5.0,298186
22,0,1,4,46,6.9,46412
28,0,2,3,46,8.5,45860
27,1,1,9,38,10.0,43394
59,29,2,15,43,7.3,316576
36,14,2,17,43,6.0,141890
55,33,2,40,44,5.9,375150
50,26,3,19,44,8.3,297029
30,1,4,3,56,5.6,43790
58,31,2,28,37,7.9,337627
38,16,2,23,48,7.4,169586
25,0,2,0,49,7.3,39684
49,22,3,35,45,4.8,268083
59,30,3,18,40,6.5,327631
54,26,2,37,51,5.0,288693
43,20,1,21,32,6.2,201239
25,4,2,9,40,8.3,76323
50,28,2,26,49,8.7,285200
26,4,4,2,41,7.3,96611
24,0,4,3,51,6.2,30578
49,23,1,24,35,9.2,257711
43,19,3,26,37,6.2,210696
26,0,2,0,40,5.4,35869
52,28,2,44,45,8.0,314994
38,12,3,19,42,7.6,171172
35,9,3,14,41,6.2,115334
60,30,2,18,50,7.1,321262
52,22,2,31,51,7.6,236227
29,8,3,9,41,7.3,91338
57,29,3,35,34,7.6,324537
30,7,2,10,32,6.3,71283
40,14,2,16,44,7.7,158966
26,3,2,4,46,7.0,52912
23,1,4,6,43,6.3,64649
31,6,3,7,43,6.7,94751
37,16,2,14,39,6.9,161465
52,23,3,27,46,5.0,254114
24,0,3,0,51,6.1,50714
24,1,2,0,32,7.1,22000
37,13,1,11,43,5.1,147400
39,13,3,17,38,6.1,137731
25,2,3,0,36,10.0,64907
52,25,3,20,37,5.4,268583
42,16,4,26,45,6.5,154616
26,0,2,6,45,5.8,34417
55,30,1,23,50,6.8,327034
42,18,4,26,43,5.9,201937
21,0,2,2,34,6.7,43918
40,10,3,12,42,6.0,115108
42,21,3,17,36,8.5,235913
31,8,3,11,37,7.1,99768
33,10,2,14,46,5.6,129789
23,0,3,0,44,8.2,33140
29,2,3,5,46,5.7,53528
32,11,3,7,41,4.8,106989
43,20,2,27,47,7.0,220014
34,6,1,12,41,9.7,83806
53,24,1,23,49,4.4,238936
38,11,2,11,45,5.1,107623
29,2,2,7,42,8.1,52671
43,15,4,21,44,6.1,169377
30,4,3,8,43,7.9,49474
39,16,3,14,51,5.8,142839
25,4,3,5,44,7.2,70640
43,16,1,25,43,9.4,141420
50,29,4,35,42,5.3,327282
45,24,2,14,47,8.4,245034
48,19,1,24,47,8.0,206344
54,24,2,21,42,4.9,236196
45,18,3,25,37,7.8,215484
30,6,4,4,38,7.1,92368
34,8,1,9,42,7.1,73772
50,29,4,16,50,7.5,319538
45,18,2,14,42,6.5,199436
34,8,1,14,40,7.1,86798
55,31,3,16,34,7.3,331475
54,27,3,26,51,8.0,318510
30,7,3,12,46,4.9,84623
55,34,3,28,47,8.8,405456
31,7,3,3,48,5.4,74790
31,8,3,13,42,8.1,70449
41,20,4,15,43,7.1,229742
41,19,3,12,50,5.2,200645
42,17,4,5,44,7.7,184675
27,0,4,1,46,5.7,29584
37,16,1,26,47,8.5,163090
22,0,3,2,46,6.0,55905
32,8,2,15,42,4.9,98078
38,13,2,17,43,9.1,144851
31,4,3,4,47,7.3,73481
36,8,1,5,47,8.2,111872
38,12,3,27,49,5.8,154394
55,34,3,24,46,4.4,371384
46,19,2,31,46,9.3,197318
36,13,2,16,41,7.0,146217
26,0,4,3,40,7.7,35312
32,4,2,1,47,7.9,52671
33,6,2,10,40,6.5,96019
24,0,2,2,43,7.3,52119
59,33,3,17,50,9.2,376378
22,0,3,0,49,7.0,29539
46,17,3,30,45,8.3,218081
47,26,2,34,42,4.2,288226
47,26,3,35,42,8.6,290965
35,14,3,12,47,4.9,140447
28,0,2,0,43,8.4,43642
27,0,3,0,40,7.5,35409
60,33,3,41,49,6.9,412442
32,9,3,10,44,6.9,103304
33,11,1,14,40,6.6,102885
37,13,1,22,45,5.9,158031
37,14,2,19,48,6.7,146031
56,29,2,29,38,10.0,328847
41,11,3,16,42,8.8,140365
28,0,1,1,42,5.8,33647
25,0,3,0,45,7.4,31724
46,23,2,23,46,7.1,242082
36,10,2,11,40,6.8,96112
56,34,3,32,36,5.6,381595
48,21,2,25,48,7.6,235003
49,19,4,16,37,8.2,226013
32,5,1,8,44,5.8,56146
57,33,2,41,42,9.7,378254
50,22,3,23,44,9.1,235962
43,19,3,15,51,7.8,208215
36,9,2,13,58,5.3,91398
34,10,2,21,35,7.6,107006
30,5,3,11,48,7.4,63646
27,0,4,1,42,7.7,28440
57,27,4,36,48,9.2,310795
49,26,2,21,48,6.8,294381
23,0,4,6,50,9.9,63621
35,10,1,7,44,7.6,107530
56,33,1,22,39,6.6,363883
39,14,3,14,48,10.0,166183
33,10,2,15,44,8.2,124781
41,11,1,12,42,6.4,108824
57,30,2,47,41,7.1,333552
47,26,2,39,48,7.9,276646
49,20,3,25,51,6.8,213737
40,11,3,11,37,7.2,118144
45,20,2,16,46,5.9,206887
26,0,3,0,41,4.6,33959
56,26,4,34,36,7.1,289509
22,0,3,5,44,7.2,35710
42,17,2,30,39,7.7,191640
52,29,4,34,35,6.2,321527
36,8,3,10,39,5.1,97796
38,14,1,15,38,5.6,114031
25,0,1,4,40,8.5,46687
56,33,1,32,36,6.1,362433
50,24,3,34,41,6.4,272514
39,11,2,13,39,6.6,116169
43,14,3,10,45,6.1,157914
54,28,1,36,46,6.0,284844
33,8,4,6,44,5.8,96970
49,27,2,34,42,9.0,297079
56,34,4,39,42,8.0,417587
42,13,4,15,39,8.7,126394
56,34,1,49,39,9.0,376992
29,7,2,6,47,3.7,101017
59,36,1,22,34,7.5,358083
39,16,4,16,43,6.2,184013
58,34,3,47,41,8.6,396226
26,0,1,8,46,6.0,45856
35,6,1,1,36,5.5,81765
40,18,2,26,43,5.0,191578
29,5,4,10,45,6.6,99914
52,23,3,33,33,8.3,248092
24,2,3,5,38,7.4,50988
38,8,2,13,43,5.3,104402
25,4,1,10,46,10.0,71067
40,10,4,11,44,7.9,130068
43,15,1,16,46,8.1,170756
31,2,4,3,38,8.8,70090
57,30,2,35,35,4.7,303053
42,14,1,23,43,5.7,142443
24,0,3,0,37,8.2,44782
49,25,4,19,39,5.9,265073
54,32,4,46,48,6.6,384672
33,5,1,5,44,6.9,72941
29,7,2,10,40,5.2,77381
